treat,village_code,female,bl_children_school,bl_has_elder,bl_own_land,bl_meals_eaten,el_health_index
0,40301016,1,1,0,1,3,.1344689
0,40301016,1,1,0,1,2,1.036443
0,40301016,0,1,0,0,2,-.0885202
0,40302004,0,1,0,1,2,.0815252
0,40302004,1,0,0,1,3,1.036443
0,40302004,0,1,0,1,3,.813631
0,40302004,1,1,0,1,2,-.0730596
0,40302004,1,0,0,0,3,-.0303148
0,40302005,0,0,0,1,2,.0200945
0,40302005,0,1,0,1,1,1.023759
0,40302005,1,0,0,1,2,.1344689
0,40302005,1,1,0,0,2,-2.068091
0,40302005,1,1,0,1,2,-1.506497
0,40302005,0,1,0,1,2,.1217854
0,40302005,1,1,0,1,3,.0917241
0,40302006,1,0,0,1,3,-2.136519
0,40302006,1,1,0,1,2,.0917241
0,40302006,1,1,0,1,1,-.1471278
0,40302006,0,1,0,1,2,-.03342
0,40302006,1,1,0,1,1,-.0730596
0,40302006,0,1,0,1,3,.5196763
0,40302007,1,0,1,1,1,-1.795595
0,40302007,1,0,1,1,2,-2.406321
0,40302007,0,1,0,1,3,.2322125
0,40302007,1,0,1,1,3,.1628764
0,40302007,1,0,1,1,3,-.316518
0,40302007,1,1,0,1,3,.8716591
0,40302007,1,1,0,1,2,-.4502045
1,40302008,1,1,0,1,3,1.136443
1,40302008,1,1,0,1,3,1.136443
1,40302008,1,1,0,1,3,1.093698
1,40302008,1,0,1,1,2,.2187131
1,40302008,1,0,0,0,3,.9981501
1,40302008,1,1,0,1,2,.2344689
1,40302008,1,0,0,0,3,.0539293
0,40302009,1,0,0,1,2,-.0886272
0,40302009,1,0,0,1,1,1.020687
0,40302009,1,1,0,1,1,-.2113525
1,40302010,1,1,0,0,3,1.136443
1,40302010,1,1,0,1,3,.2344689
1,40302010,1,1,0,1,3,1.093698
1,40302010,1,1,0,1,3,-.0382815
1,40302010,0,0,0,1,1,1.123759
1,40302010,1,1,0,1,1,.0696852
0,40303004,1,1,0,1,2,1.036443
0,40303004,0,1,1,1,2,.1217854
0,40303004,0,1,0,1,3,.1217854
0,40303004,1,0,0,1,3,-.410777
0,40303004,1,0,0,1,3,-1.522845
0,40303004,1,1,0,1,3,-.0303148
0,40303005,1,1,0,1,2,-.316518
0,40303005,0,1,0,1,3,.1217854
0,40303005,1,1,0,1,3,.1344689
0,40303005,0,0,0,0,3,1.023759
0,40303005,1,1,0,1,3,-.5666623
0,40303005,1,1,0,1,3,.3779273
0,40303005,0,0,0,1,3,-1.855749
0,40303005,1,1,0,1,2,.89815
1,40303006,0,1,0,1,2,.953714
1,40303006,1,1,0,1,2,1.136443
1,40303006,1,1,0,1,3,1.136443
1,40303006,1,1,0,1,2,-.1342752
1,40303006,1,1,0,0,3,1.120687
1,40303007,1,1,0,1,2,1.136443
1,40303007,0,1,0,1,2,-3.169931
1,40303007,1,0,0,1,2,.2344689
1,40303007,1,1,0,1,2,.9981501
1,40303008,1,0,0,1,2,-1.770008
1,40303008,1,1,0,1,2,1.120687
1,40303008,1,1,0,1,3,.1119843
1,40303008,1,0,0,1,3,.2344689
1,40303008,0,1,0,1,3,1.123759
1,40303008,1,1,0,1,3,-1.685399
1,40303008,1,1,0,1,3,.0111845
0,40303009,0,1,0,1,1,-.5985198
0,40303009,1,1,0,1,2,-1.742487
0,40303009,0,0,1,1,2,-1.920843
0,40303009,0,0,0,1,1,-.0736802
0,40303009,1,0,0,1,3,-.248495
0,40303009,1,1,0,1,2,-.1965939
0,40303009,0,0,1,1,2,.1217854
0,40303009,0,1,0,1,3,1.008919
1,40303010,0,1,0,1,3,-.4499272
1,40303010,1,0,0,0,2,-.3813018
1,40303010,0,1,0,1,3,.8689767
1,40303010,0,0,1,0,2,-.3795245
1,40303010,1,1,0,1,2,.6854559
1,40303010,1,1,0,1,2,-1.704124
1,40303011,1,1,0,1,3,.6854559
1,40303011,0,0,0,1,3,-.3433144
1,40303011,1,1,0,1,3,.9981501
1,40303011,1,0,0,1,2,.2344689
1,40303011,1,1,0,1,2,1.120687
1,40303011,0,0,0,1,2,-.4237865
1,40303011,1,1,0,1,2,-2.040542
1,40303011,1,1,0,0,3,1.093698
1,40303012,1,1,0,1,3,.1265023
1,40303012,1,1,0,1,1,.4127055
1,40303012,1,0,0,1,3,1.136443
1,40303012,1,1,0,1,3,1.136443
1,40303012,1,0,0,1,3,.879182
1,40303012,1,1,0,1,1,.6854559
1,40303013,1,0,0,1,2,1.136443
1,40303013,0,1,0,0,3,1.123759
1,40303013,0,0,0,1,2,1.123759
1,40303013,0,1,0,0,1,.06658
1,40303013,1,1,1,1,2,-.2882545
1,40303013,1,1,0,1,3,1.028476
1,40303013,1,0,0,1,3,.1917241
1,40303013,1,1,0,1,1,.6854559
1,40303014,1,1,0,1,2,.2241454
1,40303014,1,1,0,1,2,.7357585
1,40303014,1,1,0,1,2,.2344689
1,40303014,0,1,0,1,1,.6727723
1,40303014,1,1,0,1,3,.9823942
1,40303014,0,0,0,0,1,.953714
0,40401004,1,1,1,1,1,.3326819
0,40401004,0,1,0,1,2,.7117629
0,40401004,1,1,0,0,2,-.1967821
0,40401004,1,0,0,1,3,1.036443
0,40401004,1,1,0,1,2,-1.851295
0,40401004,1,1,0,0,3,-.1832731
1,40401005,1,1,0,1,3,.2344689
1,40401005,1,1,0,0,2,.0961761
1,40401005,0,1,0,1,2,1.123759
1,40401005,1,1,0,0,2,-1.404347
1,40401005,1,1,0,0,1,-.4781262
1,40401005,1,0,0,1,3,1.136443
1,40401005,1,1,0,1,3,-.3402405
0,40401006,1,1,0,0,2,-1.400308
0,40401006,0,0,0,1,2,-.5571725
0,40401006,1,1,0,1,3,-.1043831
0,40401006,0,0,0,1,2,-.03342
0,40401006,0,0,1,1,1,-.0885202
0,40401006,1,1,1,1,1,-2.654498
0,40401006,0,0,0,1,2,.4076096
0,40402004,0,1,0,1,1,.3550015
0,40402004,0,0,1,1,0,.3441367
0,40402004,0,0,0,1,3,1.023759
0,40402004,1,1,0,1,2,-.0888155
0,40402004,1,1,0,1,1,-.3119116
0,40402004,0,0,0,1,1,-.03342
0,40402004,1,1,0,1,1,-1.737361
0,40402004,1,0,0,1,2,.1344689
0,40402005,1,1,0,1,3,-.416479
0,40402005,1,1,0,1,2,.4206721
0,40402005,1,1,0,1,2,-.0460707
0,40402005,1,0,1,1,2,-.8470643
0,40402005,1,0,0,1,2,-1.657302
0,40402005,0,1,0,1,2,.0594071
0,40402006,1,1,0,1,3,1.036443
0,40402006,0,1,0,0,1,-1.668043
0,40402006,1,0,0,1,2,-3.417275
0,40402006,1,1,0,1,1,-.0730596
0,40402006,1,0,0,1,2,.1344689
0,40402006,0,1,0,1,1,-.03342
0,40402006,1,1,0,1,3,1.036443
1,40402007,0,1,0,0,3,.2217854
1,40402007,1,1,1,0,2,.0696852
1,40402007,0,1,0,1,2,.06658
1,40402007,1,0,0,1,1,-1.136642
1,40402007,1,1,0,1,2,-.6661536
1,40402007,0,1,0,1,2,.6727723
1,40402007,1,1,0,1,3,.9554052
1,40402007,1,1,0,1,2,.2344689
1,40402008,1,0,0,1,2,.9289143
1,40402008,0,1,0,1,3,-.6645133
1,40402008,0,1,0,1,2,-2.356936
1,40402008,0,0,0,1,2,.1269017
1,40402009,1,1,0,1,2,-.3705668
1,40402009,1,1,0,1,2,.1265023
1,40402009,1,0,0,1,2,-.7138145
1,40402009,0,1,0,1,2,1.123759
1,40402009,0,0,0,0,2,.1815252
0,40402010,1,1,0,1,3,.068241
0,40402010,1,1,0,1,2,-2.485434
0,40402010,0,1,0,1,2,.1217854
0,40402010,1,0,1,1,2,-.7725529
0,40402010,1,1,0,1,3,-.1967821
0,40402010,0,1,0,0,2,-.0885202
0,40402010,1,1,0,0,2,.1857169
0,40403004,0,0,0,1,0,-.5882141
0,40403004,1,0,0,0,3,-.0886272
0,40403004,0,1,1,1,3,.5697001
0,40403004,0,0,0,1,1,.9834992
0,40403004,0,1,0,1,2,.8282937
0,40403004,1,1,0,1,0,-.8591456
0,40403004,1,1,0,1,2,1.036443
0,40403005,1,0,1,1,1,-.4548109
0,40403005,1,1,0,1,2,-1.449774
0,40403005,1,1,0,1,2,-.6780953
0,40403005,0,1,1,1,3,-.0084689
0,40403005,0,1,1,1,2,.1217854
0,40403005,1,1,0,1,2,-.6587018
0,40403005,0,1,0,1,1,.1217854
0,40403006,0,1,0,1,2,.1217854
0,40403006,1,0,0,1,2,.0759683
0,40403006,0,1,0,0,3,.804047
0,40403006,1,1,0,1,1,.8554052
0,40403006,1,1,0,0,2,1.036443
0,40403006,1,0,0,1,3,-.3750187
1,40403007,1,0,0,1,2,-1.380477
1,40403007,0,1,0,1,2,-.5020726
1,40403007,1,0,1,1,2,-1.889588
1,40403007,0,0,0,0,2,-1.464797
1,40403007,0,1,0,1,2,.2217854
1,40403007,0,1,0,1,2,.6727723
1,40403007,1,1,0,1,2,-1.300308
1,40403007,1,1,0,1,3,-.1910923
1,40403008,1,1,0,1,2,.0111845
1,40403008,0,0,0,1,3,-2.490086
1,40403008,1,1,0,1,2,-.2741821
1,40403008,1,0,0,1,1,.2344689
1,40403008,1,0,1,1,3,-1.70855
1,40403008,1,0,0,1,3,-.391989
1,40403008,1,1,0,1,2,1.077942
1,40403008,1,1,0,1,3,-.3692776
1,40403009,0,1,0,1,1,.0263198
1,40403009,0,0,0,1,1,-1.464797
1,40403009,1,1,0,1,2,-1.927379
1,40403009,1,1,0,1,2,-.1395822
1,40403009,0,0,0,1,3,1.123759
1,40403009,0,0,0,1,2,-3.949744
1,40403009,1,1,0,1,1,-1.300308
1,40403009,0,1,0,1,2,.06658
0,40403010,1,0,0,1,2,.0917241
0,40403010,1,1,0,1,3,1.036443
0,40403010,1,1,0,1,3,.8716591
0,40403010,0,1,0,1,3,1.023759
0,40403010,1,0,0,0,2,.4941052
0,40403010,1,1,1,1,3,-.0460707
0,40403010,1,0,1,1,2,1.036443
0,40403010,1,1,1,0,0,-.6046171
1,40403011,1,1,0,1,3,.0719291
1,40403011,1,1,0,1,2,.9289143
1,40403011,1,1,0,1,2,.2187131
1,40403011,1,1,0,1,3,.2390754
1,40403011,1,0,1,1,3,-.0810263
1,40403011,0,1,0,1,1,.1052545
1,40403011,0,0,0,1,3,.0512709
1,40404004,0,0,0,0,2,-.1001438
1,40404004,1,1,0,1,2,.3196934
1,40404004,1,1,0,1,2,-.6717113
1,40404004,0,1,0,1,2,.542518
1,40404004,0,0,0,1,2,1.123759
0,40404005,1,1,0,1,2,.1344689
0,40404005,0,1,0,1,2,1.023759
0,40404005,1,1,0,1,2,1.036443
0,40404005,0,0,0,1,3,1.023759
0,40404005,1,1,0,1,3,.1344689
0,40404005,1,1,0,1,2,-.0460707
0,40404005,0,1,0,1,2,.1217854
0,40404006,1,1,0,0,1,.1187131
0,40404006,1,0,0,1,3,-.495451
0,40404006,1,0,1,1,2,-.4970576
0,40404006,0,1,0,1,3,.0815252
0,40404006,1,1,0,1,3,-.0730596
0,40404006,1,1,0,0,1,.8131585
0,40404006,1,1,0,1,3,.1187131
0,40404007,1,1,0,1,3,-.5755608
0,40404007,0,0,0,1,2,.1217854
0,40404007,0,1,0,1,2,.9834992
0,40404007,1,1,0,1,3,-.131372
0,40404007,1,0,0,1,2,1.036443
0,40404007,1,1,0,1,3,-.1928546
0,40404007,1,0,0,1,2,-.0730596
0,40404007,1,0,0,1,1,-2.97151
1,40404008,1,1,0,1,1,.0111845
1,40404008,1,1,0,1,3,-.4197061
1,40404008,1,0,1,1,1,.1265023
1,40404008,0,1,0,1,2,1.059795
1,40404008,1,1,0,1,2,.1265023
1,40404008,1,1,0,1,3,.0111845
1,40404008,1,1,0,1,3,-1.257563
0,40404009,1,0,0,1,2,-.9549372
0,40404009,1,0,0,1,2,-.0038239
0,40404009,1,1,0,1,3,.8716591
0,40404009,1,1,0,1,1,1.036443
0,40404009,1,0,0,1,1,-1.772432
0,40404009,0,1,0,1,2,.5727723
1,40404010,1,0,0,1,3,-.7114613
1,40404010,1,0,0,1,2,.9716591
1,40404010,1,1,1,1,3,-1.003417
1,40404010,0,0,0,0,2,.2217854
1,40404010,1,1,0,1,2,-.3201218
1,40404010,0,1,0,0,3,.4757458
1,40404010,0,0,1,1,1,-1.100887
1,40404011,0,1,0,1,2,-1.491385
1,40404011,1,1,0,1,1,.0269404
1,40404011,1,0,1,1,2,-.1307587
1,40404011,0,1,1,1,3,.06658
1,40404011,1,0,0,1,3,.5044183
1,40404011,1,1,0,1,1,.2344689
1,40404011,1,1,0,0,2,.2187131
0,40404012,0,0,0,0,3,1.023759
0,40404012,0,1,0,1,2,1.023759
0,40404012,0,1,1,1,2,-2.921562
0,40404012,1,1,0,1,2,1.036443
0,40404012,1,0,0,0,2,-2.110149
0,40404012,1,1,0,1,2,.6441343
0,40404013,0,1,0,1,2,-.9035039
0,40404013,0,1,0,0,2,-.03342
0,40404013,0,1,0,1,2,-3.541852
0,40404013,0,1,0,1,2,-.1902111
0,40404014,1,1,0,1,3,-1.451986
0,40404014,1,1,0,1,3,-.5781262
0,40404014,1,1,0,1,0,-1.531758
0,40404014,1,1,0,1,2,-.0888155
0,40404014,0,1,0,1,2,-.2185972
0,40404014,0,0,0,1,2,-.3292015
0,40404014,0,1,0,1,2,-.0979672
0,40501004,0,0,0,1,3,.1217854
0,40501004,0,1,1,1,3,-.9920551
0,40501004,1,1,0,1,2,-1.795595
0,40501004,0,0,0,1,1,.1217854
0,40501004,1,1,0,1,2,1.020687
0,40501004,1,1,0,1,3,-.0730596
0,40501004,1,1,0,1,1,-4.948581
1,40501005,0,1,0,1,2,-.6572201
1,40501005,0,1,0,1,2,1.123759
1,40501005,1,1,0,0,2,-2.622986
1,40501005,1,0,0,1,3,.6854559
1,40501005,1,0,0,1,3,1.136443
1,40501005,1,0,0,1,2,1.136443
0,40501006,1,1,0,1,3,-.0460707
0,40501006,1,1,0,1,3,1.036443
0,40501006,1,1,1,1,2,.1187131
0,40501006,1,0,1,1,2,-.316518
0,40501006,1,1,0,1,2,1.036443
0,40501006,1,1,1,1,2,-1.359887
1,40501007,1,1,0,1,2,.2187131
1,40501007,1,1,0,1,2,.5764831
1,40501007,1,1,0,1,2,.1917241
1,40501007,0,0,0,1,2,-.6689689
1,40501007,1,1,1,1,2,-1.753653
1,40501007,1,1,0,1,3,1.136443
1,40501007,1,1,1,1,3,-.9673817
0,40501008,0,0,0,1,3,1.023759
0,40501008,1,1,0,1,3,-1.977895
0,40501008,1,1,0,1,2,1.036443
0,40501008,1,1,0,0,3,.4206721
0,40501008,1,1,0,1,3,-.2125932
0,40501008,1,1,0,1,3,.068241
0,40501008,0,1,0,0,2,-.04826
0,40501009,1,1,0,1,2,.1344689
0,40501009,1,1,0,1,1,.7316827
0,40501009,1,1,0,1,2,-.0162426
0,40501009,1,0,0,1,3,-.4962159
0,40501009,0,1,0,1,1,-1.130446
0,40501009,0,0,0,1,2,.8282937
0,40501009,1,1,0,1,2,-1.957578
0,40501010,0,0,0,1,2,-.0883429
0,40501010,0,1,0,1,3,-.0736802
0,40501010,1,1,0,1,2,.2330247
0,40501010,1,0,1,1,2,-2.409925
0,40501010,1,1,0,1,3,.4709748
0,40501010,1,1,0,1,3,.1344689
0,40501010,1,1,0,1,2,.0917241
0,40501010,1,1,0,1,3,-1.673058
0,40501011,1,1,0,1,1,.0107464
0,40501011,1,1,0,1,3,.1344689
0,40501011,0,1,1,1,2,.1069454
0,40501011,1,0,0,1,3,-.2923302
0,40501011,0,1,0,1,3,-.0084689
0,40501011,0,1,0,1,3,.1217854
0,40501011,0,1,0,1,3,.1743523
1,40501012,1,1,0,0,3,.1247717
1,40501012,1,1,0,0,3,-1.298212
1,40501012,0,1,0,1,2,-1.254491
1,40501012,0,0,0,1,2,.517567
1,40501012,0,1,0,1,2,-2.112032
1,40501012,1,1,0,1,2,-1.465092
1,40501012,0,1,0,1,1,.2217854
1,40501012,1,0,0,0,1,-.2592628
0,40501013,1,1,0,1,3,-.0303148
0,40501013,1,1,0,1,3,1.036443
0,40501013,1,0,0,1,3,-.2271083
0,40501013,1,0,0,1,3,-.2113525
0,40501013,1,1,0,1,3,-.2635865
0,40501013,1,1,0,1,3,.7901833
0,40501013,1,1,0,1,2,-1.565092
1,40502004,1,1,0,1,3,.2344689
1,40502004,0,1,0,1,2,.2217854
1,40502004,0,0,0,1,2,-.1167999
1,40502004,1,1,0,1,2,-1.896026
1,40502004,1,1,0,1,3,-.1271083
1,40502004,1,1,0,1,3,.0696852
1,40502004,1,1,0,1,3,.0269404
1,40502004,0,0,0,0,2,-.8035039
1,40502005,1,0,1,1,2,-2.043537
1,40502005,1,1,0,0,2,1.136443
1,40502005,1,0,0,1,3,.1815252
1,40502005,1,0,0,1,3,.1118728
1,40502005,1,1,0,1,2,.2344689
1,40502005,1,1,0,1,1,-2.287232
1,40502006,1,1,0,1,2,1.136443
1,40502006,1,1,0,1,1,.9434295
1,40502006,0,1,0,1,2,.06658
1,40502006,1,1,0,1,3,-1.774778
1,40502006,1,1,0,1,3,.0113728
1,40502006,1,1,0,1,1,1.136443
0,40502007,0,0,0,1,2,1.023759
0,40502007,1,1,0,1,2,-1.865924
0,40502007,0,0,0,1,1,-.03342
0,40502007,1,1,0,1,2,-.0303148
0,40502008,1,1,0,1,3,1.036443
0,40502008,0,0,1,1,2,-.3440416
0,40502008,1,1,0,1,2,-.4813018
0,40502008,1,1,0,0,3,.6628898
0,40502008,1,0,0,1,2,-2.642972
0,40502008,0,0,0,1,2,-4.204895
0,40502009,1,1,0,1,2,-.1968374
0,40502009,0,0,0,1,1,.5325121
0,40502009,1,0,0,1,3,-.2365192
0,40502009,1,0,1,1,2,-2.027379
0,40502009,1,1,0,1,2,.5269552
0,40502009,1,1,1,1,2,-.5398024
0,40502009,1,1,0,1,1,-.9282472
0,40502010,0,1,0,0,3,1.023759
0,40502010,1,0,0,1,3,.1344689
0,40502010,0,0,0,1,3,-.3779218
0,40502010,1,1,1,1,3,1.020687
0,40502010,0,1,0,1,2,.9834992
0,40502010,1,0,0,1,2,1.036443
0,40502011,1,0,0,1,2,-2.089199
0,40502011,0,1,0,1,2,.8685539
0,40502011,0,1,0,1,2,.1217854
0,40502011,1,1,0,1,3,.8699756
0,40502011,1,1,0,1,2,.1344689
0,40502011,1,1,0,1,2,.5854559
0,40502011,1,1,0,1,2,-.0303148
0,40502011,1,1,0,1,3,.3779273
0,40502012,1,1,0,1,2,.068241
0,40502012,1,1,0,1,2,.1217854
0,40502012,0,1,0,1,1,-.03342
0,40502012,1,1,0,1,2,-.0888155
0,40502012,1,1,0,1,1,-.6183056
0,40502012,1,1,0,1,2,-.1895548
0,40502012,0,1,0,1,3,.1069454
0,40502013,0,0,0,1,3,.3773068
0,40502013,1,1,0,0,2,.5854559
0,40502013,0,1,0,0,3,-.8165952
0,40502013,0,1,0,1,1,.2269839
0,40502013,0,1,0,1,2,1.036443
0,40502013,1,1,0,0,2,-1.343454
0,40502013,1,1,0,1,2,.9284762
0,40502013,1,1,0,1,1,-2.934157
0,40502014,0,1,0,1,3,-.3440416
0,40502014,0,1,0,1,2,-.0883429
0,40502014,1,0,0,1,3,.8154024
0,40502014,0,0,0,1,3,1.023759
0,40502014,1,1,0,1,2,-.4152434
0,40502014,1,1,0,1,3,-.0319984
0,40502014,1,0,1,1,1,-2.013835
1,40502015,1,1,0,1,2,.3172689
1,40502015,1,1,0,1,2,-.1818289
1,40502015,1,1,0,1,2,-.7114613
1,40502015,0,1,0,1,3,.0114798
1,40502015,0,1,0,1,3,.1815252
1,40502015,1,1,0,1,2,-.3309941
1,40502015,0,1,0,1,1,.4773068
1,40502015,1,1,0,1,2,-1.044814
0,40503004,1,0,0,0,3,.7874154
0,40503004,1,1,0,1,2,.2114048
0,40503004,1,1,0,1,2,-.377377
0,40503004,1,1,0,1,2,-.6780953
0,40503004,1,1,0,0,3,1.036443
0,40503004,0,1,0,1,2,1.023759
0,40503004,1,1,0,1,2,.9779422
0,40503004,1,1,0,1,2,.8716591
0,40503005,1,1,0,1,3,.9284762
0,40503005,1,0,0,1,1,-2.161264
0,40503005,1,1,0,1,2,-.0460707
0,40503005,1,1,0,1,2,.6359008
0,40503005,1,0,0,1,2,.1344689
0,40503005,1,1,1,1,2,-.0242361
0,40503006,0,1,0,1,1,1.023759
0,40503006,1,0,0,1,2,-1.027501
0,40503006,0,1,0,1,3,1.023759
0,40503006,0,1,0,1,3,.9834992
0,40503006,1,0,0,1,3,.993698
0,40503006,1,1,0,0,1,.0917241
0,40503006,1,1,0,1,1,-.0730596
0,40503007,1,0,0,1,3,-.0730596
0,40503007,1,0,1,1,2,.1344689
0,40503007,0,1,0,1,2,1.023759
0,40503007,0,1,0,1,3,.1217854
0,40503007,1,0,0,1,2,-.4176343
0,40503007,1,0,1,1,2,-.0038239
0,40503007,1,0,0,0,2,.1344689
1,40503008,1,0,0,1,3,.547163
1,40503008,0,0,0,0,3,1.123759
1,40503008,1,1,0,1,2,.9195035
1,40503008,1,1,0,1,2,.0696852
1,40503008,1,1,0,1,2,-.3383991
1,40503008,0,1,0,1,2,.06658
1,40503008,1,1,0,0,3,.7468795
1,40503009,1,1,0,0,3,.9289143
1,40503009,0,1,0,1,3,1.123759
1,40503009,0,1,0,1,1,1.108919
1,40503009,1,1,0,1,3,-1.241807
1,40503009,1,1,0,1,3,-.6412377
1,40503009,1,1,0,1,3,.1917241
1,40503009,1,1,1,1,2,-.3813018
0,40503010,1,0,0,1,2,-3.103784
0,40503010,1,0,0,0,3,1.036443
0,40503010,1,1,1,1,3,-.0303148
0,40503010,1,1,0,1,3,-.0195798
0,40503010,0,1,0,1,3,.7014706
0,40503010,0,1,0,1,2,.6980394
0,40503010,1,0,0,1,3,-.0303148
0,40503010,0,0,0,1,3,-.2802052
0,40503011,1,1,0,1,3,-.2495142
0,40503011,1,0,0,1,3,-.0460707
0,40503011,1,1,0,1,3,-.0888155
0,40503011,0,1,0,1,2,-.1372271
0,40503011,1,0,1,1,2,.5854559
0,40503011,1,1,0,1,3,-.5258445
0,40503011,1,1,0,1,3,.8484177
1,40503012,0,1,0,1,2,.517567
1,40503012,1,1,0,1,2,-.0702913
1,40503012,1,1,0,0,2,-1.600532
1,40503012,0,1,0,1,3,-.3795245
1,40503012,1,1,0,1,2,-.4892684
0,40503013,0,0,0,1,1,-1.955801
0,40503013,1,1,0,1,2,-1.975947
0,40503013,1,0,0,1,2,-.2765744
0,40503013,1,1,0,1,2,-2.273638
0,40504004,1,1,0,1,3,.4206721
0,40504004,1,0,0,0,2,-.0303148
0,40504004,1,0,0,1,3,-1.678861
0,40504004,1,1,0,0,2,-.3616211
0,40504005,1,1,0,1,3,.1344689
0,40504005,1,0,0,0,3,-.1145586
0,40504005,0,1,0,1,2,.0815252
0,40504005,0,1,1,1,3,.0666852
0,40504005,1,0,0,1,3,.7209476
0,40504005,0,1,0,0,3,1.023759
0,40504006,1,1,0,1,2,.0097403
0,40504006,1,1,0,1,2,.0097403
0,40504006,1,1,0,1,3,-1.522347
0,40504006,1,1,0,1,3,.1344689
0,40504006,0,1,0,1,3,1.023759
0,40504006,1,1,0,1,3,-1.4801
1,40504007,1,1,0,1,3,-.5314125
1,40504007,1,1,0,1,2,-1.273638
1,40504007,1,1,0,1,1,-1.241807
1,40504007,1,1,0,1,3,1.136443
1,40504007,1,0,1,1,2,.2344689
0,40504008,1,1,0,1,2,.1344689
0,40504008,0,1,0,1,3,.3773068
0,40504008,1,0,1,1,3,-.0884495
0,40504008,0,0,1,1,2,.1069454
0,40504008,1,0,0,1,2,-2.536866
0,40504008,1,1,0,1,1,.1187131
0,40504008,1,1,0,1,3,.0759683
1,40504009,1,1,0,1,3,-.031372
1,40504009,1,0,1,1,3,-.4398024
1,40504009,1,1,0,1,2,-1.614441
1,40504009,1,1,0,1,2,-.4398024
1,40504009,1,1,0,1,3,.0534313
1,40504009,0,0,0,1,3,-.1702548
1,40504009,1,1,0,1,2,-.0810263
0,40504010,1,1,0,1,2,-.3533325
0,40504010,0,1,0,1,2,.3773068
0,40504010,1,1,0,1,2,1.036443
0,40504010,1,1,0,1,2,.8289143
0,40504010,0,1,0,0,2,1.023759
0,40504010,1,1,0,0,2,.8716591
0,40504010,0,0,0,1,3,.8935051
1,40504011,1,0,0,1,3,1.136443
1,40504011,0,0,0,1,3,.2217854
1,40504011,1,0,0,1,1,-1.98358
1,40504011,1,0,0,1,2,-.312054
1,40504011,0,0,0,1,3,.6727723
1,40504011,0,1,0,1,2,1.123759
0,40504012,1,0,0,1,3,1.036443
0,40504012,1,0,0,1,3,1.036443
0,40504012,0,1,0,1,2,.9366577
0,40504013,1,0,0,1,3,1.036443
0,40504013,0,0,0,1,2,-4.003117
0,40504013,1,1,0,1,1,.8554052
0,40504013,1,0,0,1,2,1.036443
0,40504013,1,1,1,1,2,-.5039502
0,40504013,0,1,0,1,3,.9220684
0,40504013,0,0,0,1,2,.1217854
0,40504014,1,1,0,1,1,.9779422
0,40504014,1,1,0,1,2,.8716591
0,40504014,0,1,0,1,3,1.023759
0,40504014,1,1,0,1,3,.3801713
0,40504014,1,0,1,1,3,-.7741987
0,40504015,1,1,0,1,3,.3621715
0,40504015,1,0,1,1,2,.1187131
0,40504015,1,1,0,1,2,.1344689
0,40504015,1,1,0,1,3,-.0888155
0,40504015,1,1,0,1,3,.1187131
0,40504015,0,1,0,1,3,-.03342
0,40504016,0,0,0,1,3,.1217854
0,40504016,1,0,1,1,2,1.036443
0,40504016,1,0,1,1,2,-1.538977
0,40504016,1,1,0,0,3,1.036443
0,40504016,0,0,1,1,2,.5727723
0,40504016,0,1,0,1,3,-.03342
0,40504016,1,0,0,1,2,-.9413233
1,40504017,0,1,0,1,3,.1666852
1,40504017,1,1,0,1,3,.0269404
1,40504017,0,1,0,0,3,.2217854
1,40504017,1,1,0,1,2,.6427111
1,40504017,0,0,0,1,3,-.4542078
1,40504017,0,1,1,1,2,.2217854
1,40504017,1,1,0,1,3,.0696852
1,40504017,0,0,0,1,1,.2217854
0,40504018,0,1,0,1,3,-.4525168
0,40504018,1,1,0,1,3,.1344689
0,40504018,1,0,1,1,3,-4.667041
0,40504018,0,1,0,0,2,.1217854
0,40504018,1,1,0,0,3,.6748657
0,40504018,1,1,0,1,2,-1.343136
0,40504018,1,1,0,1,2,1.036443
1,40504019,1,1,0,1,2,-.3968998
1,40504019,0,1,1,1,1,.0116571
1,40504019,0,0,1,1,1,.9935051
1,40504019,1,1,0,1,2,.2187131
1,40504019,1,1,0,1,2,.2344689
1,40504019,1,1,0,1,2,.2344689
1,40504019,1,1,0,0,2,.0804202
0,40504020,1,1,0,1,2,.8289143
0,40504020,0,0,0,1,3,-.3292015
0,40504020,1,1,0,0,2,.1344689
0,40504020,0,1,0,1,3,-1.356052
0,40504020,1,1,0,1,3,1.036443
0,40504020,0,0,0,1,2,.6980394
0,40504020,0,1,0,1,3,-.0885202
0,40505004,0,1,0,1,2,-1.651647
0,40505004,0,0,0,1,2,-.4525168
0,40505004,1,1,0,1,3,-1.206316
0,40505004,1,1,0,1,2,-.1471278
0,40505004,0,1,0,0,1,1.023759
0,40505004,1,1,0,1,3,.4206721
0,40505004,1,0,0,1,3,.6906214
0,40505004,1,1,0,1,2,1.036443
1,40505005,1,1,0,1,2,-.2324383
1,40505005,1,1,0,1,3,.4980237
1,40505005,1,1,0,1,2,-.76669
1,40505005,0,1,0,1,2,1.083499
1,40505005,1,1,0,1,2,.0696852
1,40505006,1,1,0,1,2,-1.449336
1,40505006,0,0,0,1,2,-.3795245
1,40505006,0,0,0,1,2,.0263198
1,40505006,1,0,0,1,3,.1917241
1,40505006,1,1,0,1,3,.0696852
1,40505006,0,1,0,0,2,-.3673568
1,40505006,1,1,0,1,2,.0961761
0,40505007,1,1,0,0,2,-.0303148
0,40505007,1,0,1,1,3,-.03342
0,40505007,1,1,0,1,2,.5854559
0,40505007,1,1,1,1,3,.5854559
0,40505007,0,1,0,1,2,.2513691
0,40505007,1,0,0,1,3,-1.673058
0,40505007,1,0,0,1,3,-1.11225
0,40505007,1,1,0,1,3,.5900624
0,40505008,1,1,0,1,2,.8716591
0,40505008,1,0,1,1,2,.1344689
0,40505008,1,1,0,1,1,.1344689
0,40505008,1,0,0,0,1,-.7160761
0,40505008,1,1,0,1,1,-.4829853
0,40505008,0,0,1,1,2,.1217854
0,40505008,1,1,0,1,2,1.036443
0,40505009,1,1,0,1,3,.8289143
0,40505009,1,1,1,1,1,-.8565147
0,40505009,0,1,0,1,2,-.4844069
0,40505009,1,1,0,1,2,-.6849879
0,40505009,0,1,0,1,3,-.3307626
0,40505009,1,1,1,1,2,-.0730596
0,40505009,1,0,0,1,3,1.036443
0,40505009,1,1,0,1,3,-.0319984
0,40505010,1,1,0,1,1,-.1352658
0,40505010,1,0,0,1,2,-1.657302
0,40505010,1,1,0,1,3,-.2271083
0,40505010,1,1,0,0,3,.1344689
0,40505010,1,0,0,1,2,-.5039502
0,40505011,0,0,0,0,3,-.03342
0,40505011,0,1,0,1,2,1.023759
0,40505011,0,1,0,1,3,.1217854
0,40505011,1,0,0,1,3,.1344689
0,40505011,0,0,0,1,3,.8282937
0,40505011,0,0,1,1,2,-.8967195
0,40505011,0,0,0,1,3,.1217854
1,40505012,0,1,0,1,2,.1815252
1,40505012,1,1,0,1,3,.8891773
1,40505012,1,1,0,1,2,1.136443
1,40505012,0,1,0,1,2,1.123759
1,40505012,0,1,0,1,3,1.123759
1,40505012,1,0,0,0,3,-.6364076
1,40505012,0,0,1,1,3,1.136443
1,40505012,0,1,1,1,1,1.123759
1,40505013,1,1,1,1,3,-1.284635
1,40505013,0,0,0,1,3,1.022068
1,40505013,1,0,1,1,1,-2.346969
1,40505013,1,1,0,1,3,.2344689
1,40505013,1,1,0,1,3,.9311584
1,40505013,1,1,0,1,0,1.123759
1,40505013,1,1,0,1,2,1.136443
0,40505014,0,0,0,1,3,.0815252
0,40505014,0,0,0,0,3,-.8971239
0,40505014,0,1,0,1,3,1.023759
0,40505014,1,1,0,0,3,-.0303148
0,40505014,1,1,0,1,1,-1.4801
0,40505014,0,1,0,1,2,.8282937
0,40505014,1,1,0,1,2,-1.341442
0,40505014,1,1,0,1,2,-.0886272
0,40506004,1,1,0,1,2,.0265023
0,40506004,1,1,0,0,3,.5854559
0,40506004,1,0,0,1,2,1.036443
0,40506004,1,1,0,1,1,.7501807
0,40506004,1,0,0,1,1,.1187131
0,40506004,0,0,0,1,2,.1217854
0,40506004,1,1,0,1,3,1.036443
1,40506005,1,1,0,1,2,.0696852
1,40506005,0,0,0,1,2,-.8035039
1,40506005,0,0,0,1,2,1.123759
1,40506005,1,1,0,1,3,.0696852
1,40506005,0,1,0,1,2,-.3795245
1,40506005,1,0,0,1,3,.0269404
1,40506005,1,1,0,1,2,.2187131
1,40506005,1,1,0,1,2,-.4039502
0,40506006,1,1,1,1,2,-.0303148
0,40506006,0,0,0,1,3,1.023759
0,40506006,1,1,0,1,3,.1964855
0,40506006,1,1,0,1,2,.6723639
0,40506006,1,0,0,1,3,.0097403
0,40506006,1,1,0,1,3,-.0303148
0,40506006,1,1,0,1,3,-.2271083
0,40506007,1,0,0,1,3,-.1686077
0,40506007,1,1,0,1,2,-.0888155
0,40506007,1,1,0,1,2,.1187131
0,40506007,1,1,0,1,2,-.382746
1,40506008,1,1,0,1,2,.0269404
1,40506008,1,1,0,1,2,1.136443
1,40506008,1,1,0,1,2,.0696852
1,40506008,1,1,0,1,1,-.133503
1,40506008,1,1,0,1,2,.06658
1,40506008,1,1,0,1,3,-.3502045
0,40506009,0,1,0,1,3,-2.003501
0,40506009,1,0,1,1,2,-.3750187
0,40506009,0,1,0,1,2,-.4525168
0,40506009,1,1,0,0,3,-1.341807
0,40506009,1,1,0,1,2,-.2818289
0,40506009,1,1,0,1,3,-1.549336
0,40506009,0,1,0,1,2,-.2187745
0,40506009,1,1,0,1,2,.0917241
1,40506010,0,1,0,1,3,-.2374003
1,40506010,1,1,0,1,0,.1759683
1,40506010,0,1,1,1,2,.6727723
1,40506010,1,0,0,1,3,.3830352
1,40506010,0,1,0,0,1,.06658
1,40506010,1,1,0,1,2,.8491745
0,40506011,1,1,0,1,3,-.4813018
0,40506011,1,1,0,1,3,-.5197061
0,40506011,1,1,0,1,1,-2.478365
0,40506011,1,1,0,0,1,.8716591
0,40506011,1,1,0,1,2,-1.506591
0,40506011,1,1,0,1,2,1.036443
0,40506011,0,0,0,1,2,-.15042
1,40506012,0,0,0,1,1,1.123759
1,40506012,1,1,0,0,2,-1.584887
1,40506012,1,1,0,1,3,.0414555
1,40506012,0,1,0,1,3,1.123759
1,40506012,0,0,0,0,3,1.123759
1,40506012,1,0,1,1,1,-.0382815
1,40506013,1,1,0,1,2,.0113728
1,40506013,0,0,0,1,2,-.3944056
1,40506013,0,1,0,0,2,-.4548335
1,40506013,1,1,0,1,1,.0351738
1,40506013,1,1,0,1,1,1.136443
1,40506013,1,1,0,1,1,.6269553
1,40506013,1,0,1,1,2,-.4095315
1,40506014,1,0,0,1,3,1.136443
1,40506014,1,1,1,1,3,-.2592628
1,40506014,1,1,0,1,2,-.2193192
1,40506014,1,1,0,1,3,.0696852
1,40506014,1,1,0,1,2,.0696852
1,40506014,1,1,0,1,3,-.0170452
0,40507004,0,1,1,1,2,1.023759
0,40507004,0,0,0,1,3,.3773068
0,40507004,1,1,0,1,2,1.020687
0,40507004,1,1,0,1,3,1.036443
0,40507004,1,0,1,1,2,-.0460707
0,40507004,1,1,0,1,2,.1344689
1,40507005,0,0,0,0,3,1.123759
1,40507005,1,0,0,0,2,.0961761
1,40507005,0,1,1,1,2,-1.411282
1,40507005,1,1,0,1,2,.2344689
1,40507005,1,0,0,0,2,1.136443
1,40507005,0,1,0,1,3,1.123759
1,40507005,1,1,0,1,2,1.093698
1,40507006,1,1,1,1,2,-.216518
1,40507006,1,1,0,1,3,.1265023
1,40507006,1,1,0,1,3,.0111845
1,40507006,0,1,0,1,2,1.123759
1,40507006,1,1,0,1,2,-.1113525
1,40507006,1,1,0,1,2,-.2750187
1,40507006,1,1,0,1,3,1.120687
1,40507007,1,1,0,1,2,.2344689
1,40507007,1,0,1,1,3,-2.579223
1,40507007,1,1,0,1,2,.2344689
1,40507007,1,1,0,1,2,1.093698
1,40507007,0,1,0,1,2,.2217854
1,40507007,0,1,0,1,2,1.123759
1,40507007,0,0,0,1,2,.2217854
1,40507007,1,0,0,1,2,.2344689
1,40507008,0,1,0,0,3,-.7200844
1,40507008,1,0,0,0,3,.6826548
1,40507008,1,0,0,0,3,-3.306765
1,40507008,1,1,0,1,2,.7253996
1,40507008,1,1,0,1,3,.8333663
1,40507008,1,1,0,1,2,-.61279
1,40507008,1,1,0,1,2,-2.372447
1,40507008,1,0,0,0,2,1.136443
1,40507009,1,1,0,1,2,-1.695595
1,40507009,1,1,0,1,3,.5049163
1,40507009,0,0,0,1,2,-1.316807
1,40507009,1,1,0,1,2,-.944869
1,40507009,1,1,0,1,3,-.4905448
1,40507009,1,1,0,1,2,-1.592356
1,40507009,1,1,0,1,3,1.136443
1,40507009,1,1,0,0,2,1.028476
0,40507010,1,1,0,1,2,.1344689
0,40507010,0,1,1,1,2,-2.225912
0,40507010,0,0,0,0,3,-.0070568
0,40507010,0,1,0,1,2,1.023759
0,40507010,1,1,0,1,3,-.8114613
0,40507010,1,0,0,1,3,1.036443
1,40507011,1,1,0,1,3,.5206721
1,40507011,0,0,0,1,3,-2.374236
1,40507011,0,1,0,1,3,-.3525168
1,40507011,1,1,0,1,2,-1.257563
1,40507011,1,1,0,1,1,-.216518
1,40507011,1,1,0,0,1,-3.670881
0,40507012,1,1,0,1,2,.3339418
0,40507012,0,1,0,1,2,.5727723
0,40507012,1,1,0,1,2,-.2113525
0,40507012,1,1,0,1,3,-1.449774
0,40507012,1,0,0,1,3,.1134103
0,40507012,1,0,0,1,3,-.410777
0,40507012,0,1,0,1,2,-.1824563
0,40507012,1,1,0,1,3,-.0303148
1,40507013,1,1,0,1,2,.0269404
1,40507013,0,1,0,1,3,1.123759
1,40507013,1,1,0,1,3,1.136443
1,40507013,1,1,0,1,2,-.207572
0,40507014,1,1,0,1,2,1.036443
0,40507014,1,0,0,1,2,.5854559
0,40507014,1,1,0,1,3,-.1843635
0,40507014,1,1,0,1,2,1.036443
0,40507014,1,1,0,1,2,1.036443
0,40507014,1,1,0,1,2,-.0460707
0,40507014,0,1,0,1,3,1.023759
1,40507015,1,0,1,1,2,-1.406591
1,40507015,1,0,0,1,3,.0269404
1,40507015,1,1,0,1,2,-.0810263
1,40507015,0,1,1,1,1,-1.486683
1,40507015,1,1,0,1,2,.8636925
1,40507015,1,1,0,1,2,-1.152481
1,40507015,1,0,0,1,3,.5419717
0,40601004,1,1,0,1,2,.5427111
0,40601004,0,1,0,1,3,-.0435965
0,40601004,1,1,0,1,2,-.2225252
0,40601005,1,1,0,1,3,-.6689493
0,40601005,1,0,0,1,3,.993698
0,40601005,0,1,0,1,2,1.023759
0,40601005,1,1,0,1,1,1.036443
0,40601005,0,1,0,0,2,-.04826
1,40601006,0,1,1,1,2,.5710815
1,40601006,1,1,0,1,1,.2344689
1,40601006,0,1,0,1,3,1.123759
1,40601006,1,1,0,1,3,1.136443
1,40601006,1,0,0,1,3,-.5623394
1,40601006,0,0,0,1,2,.0915311
1,40601006,0,0,0,1,1,-.3868186
1,40601006,1,0,0,1,2,.0696852
0,40601007,1,1,0,1,2,.3623597
0,40601007,0,0,1,1,3,-1.955801
0,40601007,0,0,0,1,2,-1.068667
0,40601007,1,1,0,1,3,1.036443
0,40601007,1,0,1,1,2,.1344689
0,40601007,1,1,0,1,2,.0917241
0,40601007,0,1,0,1,1,1.023759
0,40601008,1,1,1,1,2,-.0888155
0,40601008,1,1,0,1,2,.8716591
0,40601008,1,0,0,1,1,-.2355994
0,40601008,1,1,0,0,3,-.52321
0,40601008,1,1,0,1,3,-.6183056
0,40601008,1,1,0,1,2,.7706019
0,40601008,1,1,0,1,3,.1344689
0,40601009,1,1,0,1,2,.1344689
0,40601009,1,0,0,1,2,.8716591
0,40601009,0,1,0,1,2,.8282937
0,40601009,0,1,0,1,3,1.023759
0,40601009,0,1,0,1,1,.0815252
0,40601009,1,0,0,1,3,1.036443
0,40601010,0,0,0,1,3,1.023759
0,40601010,1,1,0,1,2,.9284762
0,40601010,1,1,0,1,2,-.5218027
0,40601010,1,1,0,1,3,.1344689
0,40601010,1,1,0,1,1,-.4813018
0,40601010,1,1,0,1,2,.1344689
0,40601010,1,1,0,1,2,.0524852
0,40601010,0,1,0,1,1,1.023759
1,40601011,0,1,0,1,2,.6727723
1,40601011,1,1,0,1,3,-.4039502
1,40601011,1,1,0,1,3,-1.257563
1,40601011,0,0,0,1,1,.06658
1,40601011,1,1,0,1,3,-.4624509
1,40601011,1,1,0,1,2,1.136443
1,40601011,1,1,0,0,2,.0534313
0,40601012,0,1,0,1,1,.5727723
0,40601012,1,1,0,1,2,.873903
0,40601012,0,0,0,1,3,.0815252
0,40601012,0,1,1,1,2,-.6892347
0,40601012,1,1,0,1,3,.1187131
0,40601012,1,1,0,1,2,-.1382815
0,40601012,0,1,0,1,1,-.03342
1,40601013,1,1,0,1,3,-.0382815
1,40601013,0,0,0,1,2,.06658
1,40601013,0,0,0,1,2,1.123759
1,40601013,1,1,0,1,2,-.3829853
1,40601013,1,1,0,1,2,.5206721
1,40601013,1,1,0,1,2,.6854559
1,40601013,1,1,0,1,2,.2344689
1,40601013,1,1,0,1,2,-.493882
0,40601014,1,0,0,1,2,-1.400308
0,40601014,1,0,0,1,2,-2.680423
0,40601014,1,1,0,1,2,.1344689
0,40601014,1,0,1,1,1,.1187131
0,40601014,1,1,0,1,2,-.6195947
0,40601014,1,1,0,1,3,-.0730596
0,40601014,1,0,0,1,2,-.0303148
0,40601014,1,1,0,1,2,1.020687
0,40601015,1,1,0,0,2,1.036443
0,40601015,1,1,0,1,2,-.2077755
0,40601015,1,1,1,1,1,.0947319
0,40601015,0,1,0,1,1,.1217854
0,40601015,1,1,0,1,2,.0802816
0,40601015,1,1,0,1,2,-1.565092
0,40601015,1,1,0,1,2,.4229161
0,40601016,1,1,0,1,2,-.0303148
0,40601016,1,1,1,1,2,-.7296094
0,40601016,1,1,0,1,3,-.1976
0,40601016,1,1,0,1,3,-1.495856
0,40601016,1,1,0,1,3,.1344689
0,40601016,1,0,1,1,1,-1.549336
1,40601017,0,1,0,1,3,1.108919
1,40601017,1,0,0,1,2,.0696852
1,40601017,0,1,1,1,2,.4589767
1,40601017,1,0,0,1,3,1.136443
1,40601017,0,0,0,1,2,-.3525168
1,40601017,1,1,0,1,1,-2.592362
1,40601018,1,1,0,1,3,.0961761
1,40601018,1,0,0,1,2,-.0843635
1,40601018,1,1,0,1,2,-.0822671
1,40601018,1,1,0,1,3,.2344689
0,40602004,0,0,0,1,3,1.023759
0,40602004,1,0,1,1,2,-.5892684
0,40602004,1,0,0,1,3,-.9295598
0,40602004,0,1,0,0,1,.5353451
0,40602004,0,0,0,1,3,-.1061855
0,40602004,1,1,0,0,1,1.036443
0,40602005,1,1,0,1,1,.1344689
0,40602005,1,1,0,1,2,-2.222541
0,40602005,0,1,0,1,2,.0815252
0,40602005,1,1,0,1,2,-.2271083
0,40602005,0,1,0,1,2,-.0487291
0,40602006,1,1,0,1,3,-.7528399
0,40602006,1,0,1,1,2,.3822679
0,40602006,1,1,0,1,3,.8559033
0,40602006,1,1,0,1,2,-2.036396
0,40602006,1,1,0,1,1,-.0038239
0,40602006,1,1,0,1,2,1.036443
0,40602006,1,1,0,1,2,1.036443
1,40602007,0,1,0,1,3,.2217854
1,40602007,1,1,0,1,3,.2344689
1,40602007,0,1,0,1,2,-.1363745
1,40602007,1,1,0,1,2,-.5195947
1,40602007,1,1,0,1,2,-2.133595
1,40602007,0,1,0,1,2,-.6817495
1,40602007,1,1,0,1,2,1.136443
1,40602007,1,1,0,1,1,.0111845
0,40602008,1,0,0,1,2,-1.357563
0,40602008,1,0,0,0,2,.4206721
0,40602008,1,1,0,1,2,.1344689
0,40602008,1,1,0,0,1,-1.522347
0,40602008,0,0,0,1,2,.1217854
0,40602008,1,1,0,1,2,.5854559
0,40602008,1,1,0,1,3,-.0930267
0,40602008,1,1,0,1,1,.9220684
1,40602009,1,1,0,1,2,-.4039502
1,40602009,1,0,1,1,3,-2.493666
1,40602009,1,1,0,1,2,1.028476
1,40602009,0,1,0,1,3,.1815252
1,40602009,1,1,0,1,3,-.4039502
1,40602009,1,1,0,1,2,.0696852
1,40602009,0,1,0,1,2,.7980394
1,40602009,1,1,0,1,2,1.136443
0,40602010,1,0,1,1,1,-2.347142
0,40602010,0,1,0,1,3,.1217854
0,40602010,1,1,0,1,2,-.5223151
0,40602010,1,0,0,0,2,.0265023
0,40602010,1,0,1,1,1,-.5240466
0,40602010,1,0,0,1,2,-.1822671
0,40602010,0,1,0,1,1,-.5410633
0,40602010,0,1,0,1,3,.3010361
1,40602011,1,1,0,1,3,-1.406591
1,40602011,0,1,1,1,2,.9706675
1,40602011,0,0,0,1,3,.2069454
1,40602011,1,1,0,1,3,-.3398333
1,40602011,1,0,0,1,2,.5206721
1,40602011,0,1,0,1,2,1.108919
1,40602011,1,0,0,1,3,.9716591
1,40602011,1,0,0,1,3,-1.735539
0,40602012,1,1,0,1,3,-1.4801
0,40602012,0,1,0,1,2,.7367139
0,40602012,1,0,0,1,2,.5854559
0,40602012,1,0,0,1,3,.1187131
0,40602012,1,1,0,1,2,-.0730596
0,40602012,1,1,0,1,2,.1344689
0,40602012,1,1,0,1,3,.4044183
0,40602012,0,1,0,1,2,-.245134
0,40602013,1,0,0,1,3,1.036443
0,40602013,0,1,0,1,2,1.023759
0,40602013,0,1,0,1,2,-.4525168
0,40602013,0,1,0,1,2,.8282937
0,40602013,1,0,0,1,3,-1.341807
0,40602014,0,1,0,1,3,.1217854
0,40602014,1,1,1,1,2,-.3322739
0,40602014,0,0,0,1,2,-2.322421
0,40602014,1,1,0,1,3,-.0319984
0,40602014,1,1,0,1,3,-.8375761
0,40602015,0,1,0,1,2,1.023759
0,40602015,1,1,0,1,3,.0265023
0,40602015,1,1,0,1,2,-3.178226
0,40602015,0,1,0,1,2,.1217854
0,40602015,0,1,0,1,3,-.03342
1,40602016,1,1,0,1,2,1.136443
1,40602016,0,1,1,1,1,-1.812815
1,40602016,0,1,0,1,2,1.123759
1,40602016,0,1,0,1,2,.0364309
1,40602016,1,0,0,1,2,-.740635
1,40602016,1,1,0,1,3,.2344689
1,40602016,0,1,0,1,1,-3.496704
1,40602016,0,1,0,1,2,.2217854
0,40602017,1,0,0,1,2,.1344689
0,40602017,1,1,0,0,1,-.0465687
0,40602017,1,1,0,0,3,.8823942
0,40602017,1,0,0,1,2,.5854559
0,40602017,1,1,0,1,2,1.036443
0,40602017,0,1,0,1,3,.8685539
0,40602017,1,0,0,1,2,-4.441768
1,40602018,0,0,0,0,2,1.123759
1,40602018,1,1,0,1,2,.0696852
1,40602018,1,1,0,0,2,.0696852
1,40602018,0,0,0,1,2,.5710815
1,40602018,1,1,0,0,3,-2.373759
1,40602018,1,1,0,1,3,-.5744576
1,40602018,1,0,0,0,3,.1917241
0,40602019,0,1,0,1,3,-.0885202
0,40602019,1,0,0,1,2,.1217854
0,40602019,0,1,0,1,2,-.3097128
0,40602019,0,1,0,1,2,.0191469
0,40602019,0,1,0,1,2,-1.509696
0,40602019,0,1,0,0,2,1.023759
1,40603004,1,0,0,1,3,-.5635802
1,40603004,1,1,0,1,3,.0696852
1,40603004,1,0,0,1,3,.2344689
1,40603004,1,0,0,1,3,-1.324666
1,40603004,1,1,0,1,2,-.0967821
1,40603004,1,1,0,1,2,.2344689
1,40603004,1,1,0,1,1,.2344689
1,40603005,0,0,0,1,3,.6727723
1,40603005,1,1,0,1,2,-.4099527
1,40603005,0,1,0,1,2,.06658
1,40603005,1,1,0,1,3,-.0382815
1,40603005,1,1,0,1,2,.5792133
1,40603006,1,0,0,0,2,.0696852
1,40603006,1,1,0,0,2,.0539293
1,40603006,1,1,0,1,2,-.6685871
1,40603006,1,1,0,1,1,-.3813018
1,40603006,1,1,0,1,2,.7942643
1,40603006,1,1,0,1,2,1.136443
1,40603006,1,1,0,1,3,.9716591
0,40603007,0,0,0,1,2,-.1031829
0,40603007,0,1,0,1,3,-.4844069
0,40603007,0,1,0,1,3,1.023759
0,40603007,1,0,0,1,3,.0917241
0,40603007,1,0,0,1,3,1.036443
0,40603008,1,1,0,1,3,-.2271083
0,40603008,0,1,0,1,3,1.023759
0,40603008,1,1,0,1,3,-.6968509
0,40603008,0,1,0,1,3,-.04826
0,40603008,0,1,0,1,2,-.0885202
0,40603008,1,0,1,1,1,.8133467
0,40603008,1,1,0,1,1,-.410777
0,40603009,1,1,0,1,1,-.3256037
0,40603009,1,1,1,1,1,-.9322888
0,40603009,1,1,0,0,1,.6906214
0,40603009,1,0,0,0,2,.0917241
0,40603009,1,1,1,1,2,-.5581712
0,40603009,0,1,0,1,3,.4710815
0,40603009,1,1,0,1,3,.1344689
1,40603010,0,1,0,1,2,.2217854
1,40603010,1,0,1,1,3,-.3970577
1,40603010,0,1,0,1,1,.0915311
1,40603010,1,1,0,1,3,.0696852
1,40603010,1,0,0,1,2,1.136443
1,40603010,0,0,0,1,3,-.3795245
1,40603010,1,1,0,1,1,.547163
1,40603010,1,1,0,1,2,.3330247
1,40603011,0,1,0,1,3,-.1005034
1,40603011,1,0,0,1,2,-1.233341
1,40603011,1,1,0,1,2,.1917241
1,40603011,0,0,0,0,3,.0534313
1,40603011,1,1,0,1,2,.2344689
1,40603011,1,0,0,1,3,-.5737984
1,40603011,1,1,0,1,1,-.216518
1,40603012,1,1,0,1,2,.2344689
1,40603012,0,1,0,1,2,1.123759
1,40603012,0,0,0,0,2,.0915311
1,40603012,1,1,0,0,2,.0269404
1,40603012,1,0,1,1,2,-1.066409
1,40603012,1,1,0,1,2,-1.507648
1,40603012,0,0,0,1,2,.6727723
1,40603013,0,1,0,1,2,-1.384745
1,40603013,0,1,0,1,3,.968554
1,40603013,0,1,0,1,2,-.0753711
1,40603013,1,1,0,1,1,-1.406591
1,40603013,1,1,0,1,3,.0113728
1,40603013,1,1,1,1,3,.9131585
1,40603013,0,1,0,1,3,-.3525168
0,40603014,1,0,1,1,3,.8133467
0,40603014,1,0,0,1,2,1.036443
0,40603014,0,1,0,1,2,.8559033
0,40603014,1,1,0,1,2,-.4555891
0,40603014,0,1,0,1,2,.417567
0,40603014,0,1,0,1,2,.6980394
0,40603014,1,1,0,0,3,.5854559
0,40603014,1,1,0,1,2,.694259
1,40603015,1,1,0,0,3,.3330247
1,40603015,1,1,0,1,3,.2344689
1,40603015,1,1,1,1,2,.2187131
1,40603015,1,1,0,1,3,.2187131
1,40603015,1,0,0,1,2,.06658
0,50101004,1,0,0,1,3,.8716591
0,50101004,1,1,0,0,2,-.0888155
0,50101004,1,1,0,1,3,-.9336485
0,50101004,1,1,0,1,3,.8716591
0,50101004,0,0,0,1,2,.1069454
0,50101004,1,1,0,1,2,-.9202646
0,50101004,1,1,0,1,1,.1344689
0,50101005,0,0,0,1,2,-2.575807
0,50101005,0,1,0,1,1,.1217854
0,50101005,0,1,0,1,1,.1069454
0,50101005,1,0,0,1,1,.89815
0,50101005,1,1,0,1,2,.5854559
0,50101005,1,1,1,1,2,1.036443
0,50101005,1,1,0,1,3,-.4398333
0,50101006,1,1,0,1,2,1.036443
0,50101006,1,1,0,0,3,-.0888155
0,50101006,1,1,0,1,2,-2.134275
0,50101006,1,1,0,1,3,.0265023
0,50101006,0,1,0,0,3,1.023759
0,50101006,1,0,0,1,2,-.0888155
0,50101006,1,1,0,1,2,-.5240466
0,50101006,0,1,0,1,2,.1217854
0,50101007,0,1,0,1,3,-1.354491
0,50101007,1,1,0,1,3,-1.907276
0,50101007,1,0,0,1,3,.1344689
0,50101007,1,1,0,1,2,.8289143
0,50101007,0,1,0,0,2,1.023759
0,50101007,1,1,0,1,2,-.131372
0,50101007,1,1,0,1,3,.1344689
0,50101007,1,1,0,1,3,-.4813018
0,50101011,1,0,1,1,2,-1.673058
0,50101011,1,1,0,1,3,-.0888155
0,50101011,1,1,0,1,2,1.020687
0,50101011,1,1,0,1,2,1.036443
0,50101011,1,1,0,1,2,1.036443
0,50101011,0,1,0,1,3,-.0748488
0,50101011,1,1,0,1,2,-.0888155
0,50101011,1,1,0,1,3,-.0303148
0,50101012,1,0,0,0,3,1.020687
0,50101012,1,1,0,1,2,-1.917523
0,50101012,0,1,0,1,3,-.4003394
0,50101012,1,0,0,0,2,-.0038239
0,50101012,0,1,0,1,2,.3447915
0,50101012,1,1,0,1,2,.1344689
0,50101012,1,1,0,1,2,-.0730596
0,50101012,1,1,0,1,3,.8289143
1,50101013,1,1,0,1,3,.6854559
1,50101013,0,0,0,0,1,-.5427542
1,50101013,1,0,0,1,1,-.235075
1,50101013,0,1,0,1,3,.06658
1,50101013,0,1,1,1,2,.1810953
1,50101013,1,1,0,1,2,-.12961
1,50101013,1,1,0,0,3,-.384181
1,50101014,1,1,0,1,2,1.093698
1,50101014,0,0,0,1,2,-.1005034
1,50101014,1,0,0,0,3,.0269404
1,50101014,0,0,0,1,3,-.5479825
1,50101014,1,1,0,1,2,1.136443
1,50101014,0,0,0,1,2,.6176722
1,50101014,0,0,0,1,3,.6727723
1,50101014,1,0,0,0,2,-2.247142
1,50101015,1,0,0,0,0,.1254962
1,50101015,1,1,0,0,3,.0263198
1,50101015,0,1,0,1,2,.9706675
1,50101015,1,1,0,1,1,-.6808454
1,50101015,1,1,0,1,3,.0111845
1,50101015,1,1,1,1,2,-.4466951
1,50101015,0,0,0,0,2,.0114798
0,50101016,1,1,0,0,3,-.0038239
0,50101016,1,0,0,1,2,1.036443
0,50101016,1,0,1,1,2,-1.341807
0,50101016,1,1,0,1,3,1.036443
0,50101016,1,1,0,1,2,-.0730596
0,50101016,0,1,0,1,1,.813631
0,50101016,1,0,1,1,2,.0759683
0,50101016,1,0,0,1,3,1.036443
0,50103004,1,1,0,1,2,-2.063301
0,50103004,1,1,0,1,2,-.7622508
0,50103004,1,0,1,1,2,-2.232067
0,50103004,1,1,0,1,2,-.1945382
0,50103004,1,0,0,1,2,1.036443
0,50103004,1,0,0,1,3,.1344689
1,50103005,1,0,0,1,2,1.096706
1,50103005,0,1,0,1,2,.2217854
1,50103005,1,1,0,1,3,-.4511024
1,50103005,1,1,0,1,3,.2344689
1,50103005,0,1,0,1,1,.5160109
1,50103005,1,1,0,1,3,1.120687
0,50103006,0,1,0,1,3,-.5860979
0,50103006,1,0,1,1,1,-1.341807
0,50103006,1,1,0,1,3,-1.549336
0,50103006,1,1,0,1,2,-2.027379
0,50103006,1,1,0,0,3,.5854559
0,50103006,1,1,0,1,2,.4206721
0,50103007,0,1,0,1,2,-.8427541
0,50103007,0,1,0,1,2,.0666852
0,50103007,1,1,0,1,3,-.0303148
0,50103007,0,1,0,1,2,-2.042372
1,50103008,0,0,0,1,2,.2217854
1,50103008,0,0,0,1,2,1.123759
1,50103008,1,1,0,0,3,.0111845
1,50103008,1,1,0,1,2,.2344689
1,50103008,0,1,0,1,2,-1.294751
1,50103009,0,1,0,1,3,.5911601
1,50103009,0,0,0,1,2,.1815252
1,50103009,0,1,0,1,2,.2595123
1,50103009,1,1,0,1,3,1.136443
1,50103009,0,0,1,1,2,-4.355618
1,50103009,0,0,0,1,3,-1.167921
1,50103009,1,1,0,1,3,.1265023
0,50103010,1,1,0,1,3,-.5240466
0,50103010,0,1,1,1,2,-1.091891
0,50103010,1,0,1,1,3,.0759683
0,50103010,0,1,0,1,2,.5727723
1,50103011,1,0,1,1,2,.9716591
1,50103011,0,1,0,1,1,-.0056817
1,50103011,1,1,0,0,2,.1917241
1,50103011,1,1,0,1,2,-2.060207
1,50103011,1,1,0,1,3,.1823133
1,50103011,1,1,0,1,2,.1917241
1,50103011,0,1,0,0,2,-.3177836
0,50103012,1,1,0,1,1,-.0038239
0,50103012,1,0,0,0,2,-1.957578
0,50103012,1,1,0,1,3,.5854559
0,50103012,0,1,0,1,2,-.1902111
0,50103012,0,1,0,1,2,-.1127669
0,50103012,1,1,0,1,3,-.0303148
0,50103012,1,0,0,1,3,.6906214
0,50103012,1,0,0,0,3,.6096437
1,50103013,1,1,0,1,2,.9311584
1,50103013,0,0,0,0,3,-2.244828
1,50103013,1,1,0,0,3,.2344689
1,50103013,0,1,0,1,2,.1843581
1,50103013,1,1,0,0,3,.1759683
1,50103014,0,1,0,1,1,.155018
1,50103014,0,1,0,1,3,.968554
1,50103014,1,1,0,1,2,.2344689
1,50103014,1,1,0,1,2,.2344689
1,50103014,1,1,0,1,2,-1.257563
1,50103014,1,1,0,1,3,.2344689
1,50103014,1,1,0,1,3,.0766911
1,50103015,1,0,1,1,3,-.9718579
1,50103015,1,1,0,1,2,.0961761
1,50103015,1,1,0,1,3,-.3198783
1,50103015,1,0,0,1,3,.0719291
1,50103015,1,1,0,1,2,-.0636743
1,50103015,0,1,0,1,1,-.399716
1,50103016,0,1,0,1,3,.8382998
1,50103016,1,0,0,1,3,.4924425
1,50103016,0,0,0,0,3,-.2452392
1,50103016,1,1,0,1,3,.0961761
1,50103016,1,1,0,0,2,.2344689
1,50103016,1,0,0,1,2,.2344689
1,50103016,1,1,0,0,2,.0534313
1,50103017,1,1,0,0,3,.9559033
1,50103017,1,1,0,1,2,.0837574
1,50103017,1,1,0,0,3,-1.406591
1,50103017,1,1,0,1,2,.0696852
1,50103017,0,0,0,0,3,.968554
1,50103017,1,1,0,0,2,1.136443
1,50103018,1,1,0,1,2,1.136443
1,50103018,1,0,0,1,2,.9716591
1,50103018,0,1,0,1,3,.06658
1,50103018,1,1,0,1,3,.2081257
1,50103018,1,1,0,1,2,.5206721
1,50103018,0,1,0,1,3,.05174
1,50201004,0,1,0,1,3,-.5417804
1,50201004,0,1,0,1,3,-.3594559
1,50201004,1,1,0,0,2,.3560463
1,50201004,1,1,0,1,2,-.4343702
1,50201004,1,1,0,0,2,-.7908203
1,50201004,0,1,1,1,3,1.123759
1,50201004,1,1,0,1,3,.6854559
0,50201005,1,1,0,1,2,-.0802265
0,50201005,1,1,1,1,2,-.0303148
0,50201005,1,1,0,1,2,-1.363081
0,50201005,1,1,0,1,2,-4.326141
0,50201005,0,1,0,1,3,-.143443
0,50201005,1,1,0,1,2,.8289143
0,50201006,1,1,0,1,2,-.0587476
0,50201006,1,1,0,1,3,-1.549336
0,50201006,1,1,0,1,2,-1.699604
0,50201006,1,1,0,0,2,-.1382815
0,50201006,1,1,0,1,3,-2.238656
0,50201006,1,1,0,1,3,-1.951499
1,50201007,1,0,0,1,3,.2326914
1,50201007,0,1,0,1,2,-.1986485
1,50201007,1,1,0,1,2,-1.355878
1,50201007,0,1,0,1,2,-1.760578
1,50201007,0,0,0,1,2,.2069454
1,50201007,1,1,0,1,2,.9559033
1,50201007,1,1,0,1,2,.4276601
1,50201008,0,0,0,1,2,.0696852
1,50201008,1,1,0,1,3,.5189885
1,50201008,1,1,0,1,2,.2187131
1,50201008,1,0,0,1,3,.2344689
1,50201008,1,0,0,1,3,-1.449336
1,50201008,1,0,0,1,3,.2344689
1,50201008,1,1,0,1,2,-1.833732
1,50201009,1,1,0,1,3,-.155338
1,50201009,1,1,0,1,3,1.136443
1,50201009,1,1,0,1,1,-.031372
1,50201009,1,1,0,1,3,.5206721
1,50201009,1,1,0,1,2,-2.930128
1,50201009,0,1,0,1,3,.1592199
1,50201009,0,0,0,1,0,-.1005083
1,50201009,0,1,0,1,2,.5710815
1,50202004,1,0,1,1,3,.2344689
1,50202004,1,1,0,1,2,-.1393387
1,50202004,1,1,0,1,2,-.5680378
1,50202004,1,0,0,1,2,.9131585
1,50202004,0,1,0,1,2,.4624668
1,50202004,1,1,0,1,2,.4779273
1,50202005,1,1,1,1,2,.6854559
1,50202005,1,0,0,1,3,.0696852
1,50202005,0,1,0,1,2,.06658
1,50202005,1,1,0,1,1,1.136443
1,50202005,0,0,0,1,3,.9212086
1,50202005,1,0,0,1,1,.2344689
1,50202006,1,0,0,1,2,-.6233417
1,50202006,1,1,0,1,2,-.811367
1,50202006,1,1,0,1,2,-.1961558
1,50202006,1,1,0,1,3,.0282646
1,50202006,1,1,1,1,3,.6854559
1,50202006,1,0,0,0,3,.0269404
1,50202006,1,0,1,1,3,-1.587629
1,50202006,0,0,0,1,2,.2217854
0,50202007,1,1,0,1,2,-.7233418
0,50202007,1,0,0,1,3,.5550706
0,50202007,1,1,0,1,2,-.949321
0,50202007,1,1,0,1,3,-2.000323
0,50202007,1,1,0,1,3,1.020687
0,50202007,1,0,0,1,2,.0419918
0,50202007,1,1,0,1,2,1.036443
0,50202007,1,1,0,1,2,-.0303148
0,50202008,1,1,0,1,3,-.6189387
0,50202008,1,0,0,1,2,-1.506591
0,50202008,1,0,0,1,2,1.036443
0,50202008,1,1,0,0,2,1.036443
0,50202008,1,1,0,1,2,.5854559
0,50202008,1,1,0,0,2,-.4398333
0,50202008,0,1,0,1,2,.5727723
1,50202009,1,1,0,1,1,.6854559
1,50202009,1,1,0,0,2,-.12961
1,50202009,1,1,0,1,3,1.136443
1,50202009,0,0,0,1,2,-2.306788
1,50202009,0,1,0,1,2,1.083499
0,50203004,0,1,0,0,2,1.008919
0,50203004,1,0,0,1,2,1.036443
0,50203004,1,1,0,1,3,.5854559
0,50203004,0,1,0,1,2,.9220684
0,50203004,0,1,0,1,1,1.023759
1,50203005,1,1,0,1,3,1.136443
1,50203005,0,0,0,1,2,-.3795245
1,50203005,1,1,0,1,3,.6854559
1,50203005,1,1,0,1,3,-1.880226
1,50203005,0,1,0,1,2,1.123759
1,50203005,1,0,0,0,2,.0961761
0,50203006,1,1,0,1,2,-.0303148
0,50203006,1,1,0,1,2,-.1382815
0,50203006,1,0,0,1,3,.0107464
0,50203006,0,0,0,1,2,-.0659254
0,50203006,0,0,0,1,1,1.023759
1,50203007,0,0,0,1,2,.901705
1,50203007,0,1,0,1,3,1.123759
1,50203007,1,0,0,1,3,1.136443
1,50203007,1,1,1,1,3,.6854559
1,50203007,1,0,1,1,1,-1.523404
1,50203007,1,1,0,0,2,-1.465092
1,50203007,1,1,0,1,2,-.6256676
0,50203008,1,0,1,1,2,.0265023
0,50203008,1,1,0,1,2,.0200945
0,50203008,1,1,0,1,3,-.4398333
0,50203008,0,0,1,1,2,-1.026418
0,50203008,0,1,0,1,1,-.0883429
0,50203008,1,1,0,1,2,.4206721
0,50203009,1,1,0,1,3,.5854559
0,50203009,1,1,0,1,2,.1344689
0,50203009,0,1,0,1,2,-.04826
0,50203009,0,1,0,1,1,-.0839626
0,50203009,0,0,1,1,3,.1217854
0,50203009,1,1,0,1,2,-.253411
0,50203009,1,1,0,1,3,.6318631
0,50203009,1,1,0,1,2,1.036443
0,50203010,0,1,0,1,3,.8685539
0,50203010,1,0,0,1,3,-.0982263
0,50203010,1,1,0,0,2,-.1070361
0,50203010,1,1,0,1,1,.1344689
0,50203010,0,1,0,1,3,.1217854
0,50203010,1,1,0,0,3,-.0090152
0,50203011,1,1,0,1,2,-.1540373
0,50203011,1,0,0,1,3,-2.598357
0,50203011,1,1,1,1,2,.1187131
0,50203011,1,1,0,1,2,-1.872354
0,50203011,1,0,0,1,2,-.3618242
0,50203011,1,1,0,1,2,-.1285525
0,50203011,1,1,0,1,2,-2.377468
0,50203011,1,1,0,1,2,-.5398024
1,50203012,1,1,0,1,3,.2344689
1,50203012,1,1,0,1,1,.9131585
1,50203012,0,0,0,1,3,.2217854
1,50203012,1,1,0,1,3,.0696852
1,50203012,1,0,0,1,2,.5206721
1,50203012,0,1,0,1,3,1.123759
1,50203013,0,1,0,1,2,.06658
1,50203013,0,0,0,1,3,1.123759
1,50203013,0,1,0,1,3,.6176722
1,50203013,0,1,0,1,3,.2217854
1,50203013,1,0,0,1,3,1.123759
1,50203013,1,0,0,1,3,1.093698
1,50203013,1,1,0,1,2,.0414555
1,50203013,0,1,0,1,2,1.108919
0,50203014,1,1,0,1,3,.1344689
0,50203014,1,1,0,1,2,-.03342
0,50203014,0,1,0,1,2,-.3456026
0,50203014,0,1,0,1,2,.8282937
0,50203014,0,1,1,1,2,-.3292015
0,50203014,1,1,0,1,2,.5427111
1,50301004,1,1,0,0,3,-.1453658
1,50301004,1,0,1,1,3,-.3344487
1,50301004,1,1,0,1,3,-.0686077
1,50301004,1,1,0,1,2,.0961761
1,50301004,1,0,0,1,1,.2344689
1,50301004,1,1,0,1,3,1.136443
1,50301004,1,1,0,1,2,-1.880226
1,50301005,0,1,0,1,3,.968554
1,50301005,1,1,0,1,3,.0111845
1,50301005,1,1,0,1,1,.748563
1,50301005,1,1,0,1,3,.419615
1,50301005,1,1,0,1,2,.1917241
1,50301005,1,1,0,1,2,-.5477691
1,50301005,1,1,0,1,3,.1759683
1,50301005,1,1,0,1,2,.4779273
0,50301006,1,1,0,1,2,-.2723548
0,50301006,1,1,0,1,2,-.1967821
0,50301006,1,1,0,1,2,-.0303148
0,50301006,0,1,0,1,3,-1.354491
0,50301006,1,0,0,1,2,1.036443
0,50301006,1,0,1,1,3,-1.80855
0,50301006,1,1,1,1,2,1.036443
1,50301007,1,0,0,1,2,.0470367
1,50301007,1,1,0,1,2,.6854559
1,50301007,1,0,0,0,3,.4980237
1,50301007,1,0,1,1,3,.0376754
1,50301007,0,1,0,1,1,1.123759
0,50302004,1,1,0,1,3,-3.505141
0,50302004,0,1,0,0,1,1.023759
0,50302004,1,1,0,1,3,-.0303148
0,50302004,1,1,1,1,2,-.4705667
0,50302004,1,0,0,1,3,1.036443
0,50302004,1,0,0,1,2,-.0730596
0,50302004,0,1,0,1,2,.1217854
0,50302005,1,1,0,1,2,-.0303148
0,50302005,1,1,0,1,2,.5854559
0,50302005,0,1,0,0,3,1.008919
0,50302005,1,1,0,1,2,.5854559
0,50302005,1,1,0,1,1,-.6631177
0,50302005,1,1,0,1,2,-.8025638
0,50302005,1,1,1,0,3,1.036443
0,50302005,0,1,0,0,1,-1.076652
1,50302006,0,1,0,1,1,-1.53995
1,50302006,0,0,0,0,2,-1.409696
1,50302006,1,1,0,1,1,.0111845
1,50302006,1,0,1,1,1,-1.113293
1,50302006,1,1,0,1,2,-1.241807
1,50302006,1,1,0,1,3,.0111845
1,50302006,1,1,0,1,2,-1.847013
1,50302007,1,0,1,1,2,-2.380794
1,50302007,1,1,0,0,2,1.136443
1,50302007,0,1,0,1,2,.4773068
1,50302007,1,0,0,1,2,.5206721
1,50302007,1,1,0,1,2,.0961761
1,50302007,1,1,0,1,2,.6427111
1,50302008,1,1,0,1,3,-.3398333
1,50302008,0,1,0,1,2,.06658
1,50302008,1,1,0,1,3,.9289143
1,50302008,1,1,0,1,2,-1.241807
1,50302008,1,1,0,1,2,1.136443
1,50302008,1,0,0,1,2,.1917241
1,50302008,0,1,0,1,3,1.136443
1,50302009,0,1,0,1,2,-.2292015
1,50302009,1,1,0,1,2,-1.534572
1,50302009,1,1,0,0,3,.2187131
1,50302009,1,1,0,1,2,-.3398333
1,50302009,1,1,0,1,3,-.1248644
1,50302009,1,1,0,1,2,-2.044384
1,50302009,1,1,0,1,3,.9031712
1,50302009,1,1,0,1,2,.9739031
1,50302009,1,1,0,1,2,.0269404
1,50302010,1,0,0,0,3,.6854559
1,50302010,1,1,0,0,3,.9131585
1,50302010,0,0,0,1,1,.06658
1,50302010,1,1,0,1,3,1.136443
1,50302010,1,1,0,1,3,.2187131
1,50302010,1,1,0,0,3,1.120687
1,50302010,1,0,0,1,3,-.0471278
1,50302011,0,1,0,1,3,1.123759
1,50302011,0,1,0,1,2,-.7699349
1,50302011,0,1,1,1,3,.968554
1,50302011,1,1,0,1,2,-.5332761
1,50302011,1,1,1,1,2,-.0810263
1,50302011,1,1,0,1,3,-1.300308
0,50302012,1,1,0,1,1,-1.341807
0,50302012,1,1,0,0,3,-.3295959
0,50302012,0,0,0,1,2,1.008919
0,50302012,1,1,0,1,3,-1.002089
0,50302012,1,1,0,1,2,.1344689
0,50302012,1,1,0,1,3,-2.341182
0,50302012,1,0,0,1,2,-1.604829
0,50302012,1,1,0,1,2,-.0730596
1,50302013,0,1,0,1,3,1.123759
1,50302013,1,1,0,1,3,.6854559
1,50302013,0,0,1,1,2,.0915311
1,50302013,1,0,0,0,2,.5206721
1,50302013,1,1,0,1,3,.2344689
1,50302014,1,1,1,1,1,-2.331036
1,50302014,1,0,0,1,2,-.8335651
1,50302014,1,1,0,1,3,.0696852
1,50302014,1,0,0,0,3,.8053801
1,50302014,0,1,0,1,1,.2217854
1,50302014,1,1,0,1,3,-1.059779
1,50302014,1,1,0,1,2,.0534313
1,50303004,0,1,0,1,3,.8014706
1,50303004,1,1,0,1,2,-.1271083
1,50303004,0,1,0,1,1,1.123759
1,50303004,0,1,0,1,1,1.108919
1,50303004,0,1,0,0,3,-.8035039
1,50303004,1,1,0,1,2,-.9180148
1,50303005,1,0,0,0,3,1.136443
1,50303005,1,1,0,1,2,-1.406591
1,50303005,0,1,1,1,1,1.123759
1,50303005,1,0,0,1,2,-.235075
0,50303006,0,0,0,1,2,-.4525168
0,50303006,0,0,0,1,1,1.023759
0,50303006,1,1,0,1,3,.8311583
0,50303006,0,1,0,1,2,.5727723
0,50303006,1,0,0,1,2,-.0888155
0,50303006,0,1,0,1,2,.1217854
1,50303007,0,0,0,1,2,.2217854
1,50303007,0,1,0,1,2,.5224495
1,50303007,1,1,0,1,3,.2344689
1,50303007,1,1,0,1,2,.9289143
1,50303007,0,1,0,0,2,.968554
1,50303007,1,1,0,1,2,-.310777
0,50303008,1,1,0,1,3,-1.564903
0,50303008,1,1,0,1,3,-.0730596
0,50303008,1,1,0,1,3,-.6478244
0,50303008,1,0,0,1,2,.993698
0,50303008,0,0,0,1,3,1.023759
0,50303008,1,1,0,1,2,-2.085879
1,50303009,1,0,0,0,3,1.136443
1,50303009,1,1,0,1,3,.5206721
1,50303009,0,0,0,1,2,.2217854
1,50303009,1,1,0,1,1,-2.241182
1,50303009,0,1,0,1,3,-.2292015
1,50303009,1,1,0,1,3,1.136443
1,50303009,1,1,0,1,1,-.2384539
0,50303010,1,1,0,1,2,-.0303148
0,50303010,1,0,0,1,3,.5854559
0,50303010,1,0,0,0,2,.1187131
0,50303010,1,1,0,1,3,-1.259007
0,50303010,0,1,0,1,1,.0815252
0,50303010,0,1,0,1,2,-.4308925
0,50303010,1,1,0,1,2,-1.215096
1,50303011,0,1,0,1,2,-.6587285
1,50303011,1,0,0,1,3,1.136443
1,50303011,0,0,1,1,2,-.8305115
1,50303011,1,1,0,1,3,-2.323778
1,50303011,0,1,0,1,2,.6727723
1,50303011,0,1,0,0,3,-.0902111
1,50303011,1,0,0,0,2,.3119029
1,50303011,1,0,0,1,2,-2.010338
0,50303012,1,1,0,1,2,-.0888155
0,50303012,1,1,1,1,2,-.2207634
0,50303012,1,1,0,1,3,.1875584
0,50303012,0,0,0,1,3,.1217854
0,50303012,0,0,0,1,2,.0815252
0,50303012,0,1,0,1,2,-.3292015
0,50303012,1,1,0,1,3,-.9750336
1,50303013,1,1,0,1,2,-.3398333
1,50303013,0,0,0,1,1,1.123759
1,50303013,1,1,0,1,2,-.2738923
1,50303013,1,1,0,0,1,.0696852
1,50303013,0,1,0,1,2,.2217854
1,50303014,1,1,0,0,3,.1759683
1,50303014,1,0,0,1,2,.1815252
1,50303014,0,1,0,1,3,.2217854
1,50303014,0,1,0,1,3,-.3711527
1,50303014,0,1,0,1,1,1.136443
1,50303014,1,0,0,1,2,.2217854
1,50303014,0,1,0,1,2,.06658
1,50303014,1,0,0,1,1,-1.406591
0,50304004,0,0,1,1,2,-.2039345
0,50304004,1,1,0,0,2,.1344689
0,50304004,1,1,0,1,2,.993698
0,50304004,0,1,0,1,2,-.0084689
0,50304004,1,1,0,1,1,1.036443
0,50304004,0,0,1,1,2,.0815252
0,50304004,0,0,1,1,2,-2.513361
0,50304004,1,1,0,1,2,1.020687
0,50304005,1,1,0,1,2,-1.035066
0,50304005,1,1,0,1,2,-.3897956
0,50304005,0,0,0,1,2,.1217854
0,50304005,1,1,0,1,3,-.0162426
0,50304005,1,1,0,1,1,-.0038239
0,50304005,0,1,0,1,3,-.1785143
0,50304005,1,1,0,1,2,-1.384552
0,50304006,0,0,0,1,2,1.023759
0,50304006,0,1,0,1,3,-.0615698
0,50304006,1,1,1,1,2,.1344689
0,50304006,0,0,0,1,2,-.7942899
0,50304006,1,1,0,1,3,-.8321421
0,50304006,1,1,0,1,2,1.036443
0,50304006,1,1,0,0,2,1.036443
1,50304007,0,1,0,0,1,-.3795245
1,50304007,1,0,0,1,2,-.1271083
1,50304007,0,1,1,1,2,.2069454
1,50304007,0,1,0,0,3,.0414555
1,50304007,0,1,0,0,3,.3964796
1,50304007,1,1,0,1,2,.6854559
1,50304007,0,0,0,1,3,-.481582
0,50304008,1,0,0,1,3,-.4975556
0,50304008,1,1,0,1,2,-1.506591
0,50304008,1,1,0,1,3,-.9944241
0,50304008,0,0,0,1,2,.8935051
0,50304008,1,1,0,1,1,.1344689
0,50304008,1,1,0,1,3,1.020687
0,50304008,1,0,0,0,2,-.0888155
0,50304008,1,1,0,1,2,-.619417
1,50304009,1,1,0,1,2,-1.678617
1,50304009,1,1,0,0,3,-.4478
1,50304009,0,0,0,1,2,1.007228
1,50304009,1,1,0,1,2,.9716591
1,50304009,0,0,1,1,3,-1.860683
0,50305004,1,1,0,1,3,.4955041
0,50305004,1,1,0,1,2,-.5918146
0,50305004,1,0,0,1,2,1.036443
0,50305004,1,0,0,1,2,-2.392696
0,50305004,1,1,0,1,2,.8289143
0,50305004,1,1,0,1,3,.5697001
0,50305004,1,0,1,1,2,-1.973334
0,50305005,0,1,0,1,3,1.023759
0,50305005,0,0,0,1,2,-.3557088
0,50305005,1,0,0,0,3,1.036443
0,50305005,1,1,0,0,2,1.036443
0,50305005,0,1,0,1,2,1.023759
0,50305005,0,0,0,1,1,-.0885202
0,50305006,1,1,0,1,2,.1187131
0,50305006,1,1,0,1,2,.1344689
0,50305006,1,1,1,1,3,-.0888155
0,50305006,0,1,0,0,2,.8134537
0,50305006,0,0,0,1,2,1.023759
0,50305006,1,1,0,1,3,-.5755608
1,50305007,1,1,1,1,2,-.4935339
1,50305007,1,1,0,1,1,-1.916079
1,50305007,1,1,0,1,2,.9716591
1,50305007,1,1,0,1,2,-1.449336
1,50305007,1,1,0,1,3,1.136443
1,50305007,1,0,0,1,2,.9554052
1,50305007,0,1,0,1,3,-1.275647
0,50305008,1,1,0,1,3,-.8666325
0,50305008,1,0,0,1,3,.2666234
0,50305008,0,0,0,0,3,.417567
0,50305008,0,1,0,1,3,1.023759
0,50305008,0,1,0,0,2,-.1499509
0,50305009,1,1,0,0,3,-2.519454
0,50305009,1,0,0,0,1,.491197
0,50305009,1,0,0,0,1,1.036443
0,50305009,1,1,0,1,3,-.5478
0,50305009,1,1,0,1,3,-3.093484
0,50305009,1,1,0,0,3,-.0303148
0,50305009,0,0,0,1,1,.1217854
0,50305010,1,0,0,1,2,1.036443
0,50305010,1,1,0,1,3,1.036443
0,50305010,1,1,0,1,2,.1187131
0,50305010,1,1,0,1,2,-.3592628
0,50305010,0,1,0,1,3,1.023759
0,50305010,1,1,0,1,2,-1.973334
0,50305010,1,1,0,1,3,1.036443
0,50305010,1,0,0,0,3,1.036443
0,50305011,0,1,0,1,2,.5727723
0,50305011,0,1,1,1,3,-.4711527
0,50305011,1,1,0,1,3,.4774892
0,50305011,1,1,0,1,2,1.036443
0,50305011,1,1,0,1,3,.491197
0,50305011,1,1,0,1,2,.5854559
0,50305012,0,1,0,1,3,1.023759
0,50305012,0,1,0,1,3,-.5499272
0,50305012,0,0,0,0,3,.5727723
0,50305012,1,1,0,1,2,-.3749948
0,50305012,1,1,0,1,3,-.0460707
0,50305012,0,1,0,1,3,-.5548404
0,50305012,1,1,0,1,2,.8554052
0,50305012,1,1,0,0,2,-.0730596
1,50305013,1,0,0,1,3,.2344689
1,50305013,1,1,0,1,1,.1254962
1,50305013,0,1,0,1,2,.0512709
1,50305013,0,0,0,0,2,1.123759
1,50305013,1,1,0,1,2,.2187131
1,50305013,1,1,0,1,2,.0696852
1,50305014,1,1,0,1,3,.2344689
1,50305014,0,1,0,1,2,.968554
1,50305014,0,1,0,1,2,.2217854
1,50305014,0,1,0,1,2,1.123759
1,50305014,0,1,0,1,2,-.2292015
1,50305014,1,1,0,1,3,.6854559
1,50305014,1,0,0,1,1,1.136443
1,50305015,1,1,0,1,2,.1917241
1,50305015,0,0,0,1,2,.9282938
1,50305015,0,1,0,1,2,.2217854
1,50305015,1,1,0,1,2,1.028476
1,50305015,0,0,0,1,3,.06658
1,50305015,1,1,0,1,2,-.3825781
1,50305015,1,0,0,1,2,1.136443
1,50305015,1,0,0,1,3,1.136443
0,50306004,1,1,0,1,2,.0107464
0,50306004,0,1,1,1,3,-2.015052
0,50306004,0,0,0,1,3,1.023759
0,50306004,0,0,0,0,2,1.008919
0,50306004,1,1,0,1,3,1.036443
0,50306004,0,1,0,1,3,-.5246671
0,50306004,1,0,0,0,3,-.0303148
0,50306004,1,1,0,1,3,.8716591
0,50306005,1,1,0,1,3,-.410777
0,50306005,1,1,0,1,1,-.0888155
0,50306005,0,0,0,0,1,-.3292015
0,50306005,0,1,0,0,1,1.023759
0,50306005,1,1,0,1,1,.1187131
0,50306005,0,1,0,0,2,-.4030542
1,50306006,1,1,0,1,3,1.136443
1,50306006,1,0,0,1,2,.0111845
1,50306006,0,1,0,1,3,-.5410208
1,50306006,1,0,0,0,3,-.482359
1,50306006,1,1,0,1,3,.9289143
1,50306006,1,1,0,1,2,-.3398333
1,50306006,1,1,0,1,2,-1.906561
1,50306006,1,1,0,1,3,.6854559
1,50306007,1,1,0,1,2,.6854559
1,50306007,0,0,0,0,3,.9935051
1,50306007,0,1,0,1,2,-.3795245
1,50306007,1,1,0,1,3,.2344689
1,50306007,0,1,0,1,3,.06658
1,50306007,0,1,0,1,3,.2069454
1,50306007,0,1,0,1,3,.2217854
1,50306008,0,1,0,1,3,1.083499
1,50306008,0,1,0,1,2,-1.254491
1,50306008,1,0,0,1,3,.0696852
1,50306008,0,1,0,0,3,.9935051
1,50306009,1,1,0,1,2,.2187131
1,50306009,1,1,0,1,3,.098879
1,50306009,1,1,0,1,3,.7906215
1,50306009,1,0,0,0,3,.783099
1,50306009,1,1,0,1,2,-1.257563
1,50306009,1,1,0,1,3,-.3398333
1,50306009,1,1,0,1,3,.0696852
1,50306010,1,1,0,1,2,.5314072
1,50306010,0,1,0,1,2,1.123759
1,50306010,1,0,0,1,2,.5049163
1,50306010,1,1,0,1,3,.6854559
1,50306010,1,1,0,1,2,.0696852
1,50306010,0,1,0,1,3,.2217854
1,50306010,1,0,0,1,3,.0696852
1,50306010,1,1,0,1,2,.2344689
1,50306011,0,1,0,1,2,1.123759
1,50306011,0,1,0,1,2,-1.254491
1,50306011,1,1,0,1,3,-.5302944
1,50306011,0,0,0,1,2,.6727723
1,50306011,1,1,0,1,1,-.9730703
1,50306011,0,1,0,1,2,-.3903335
0,50306012,0,0,0,0,1,.1217854
0,50306012,0,0,0,1,3,1.008919
0,50306012,1,1,0,1,3,1.036443
0,50306012,0,1,0,1,2,.2873127
0,50306012,0,0,0,1,2,-.5246671
0,50306012,1,0,0,0,2,.993698
0,50306012,1,1,0,1,3,-.0888155
0,50401004,1,1,1,1,2,1.020687
0,50401004,1,1,0,0,3,.3372639
0,50401004,1,1,1,1,3,-.1843635
0,50401005,0,0,0,1,3,1.023759
0,50401005,1,0,0,1,3,-.0303148
0,50401005,1,0,0,1,2,1.036443
0,50401005,1,1,0,1,2,1.036443
0,50401005,0,1,0,1,1,-.0736802
0,50401005,1,0,0,1,2,.993698
0,50401005,0,1,0,1,2,-.4264035
0,50401006,1,0,0,1,2,-.316518
0,50401006,1,1,0,1,2,.1344689
0,50401006,1,0,0,1,3,.1344689
0,50401006,1,1,0,1,3,.4049163
0,50401006,0,1,0,1,3,-.261391
1,50401007,0,1,0,1,3,.2217854
1,50401007,1,1,0,1,1,.8091193
1,50401007,1,1,0,1,2,-.2176002
1,50401007,0,1,0,1,2,1.123759
1,50401007,1,0,1,1,2,-2.473191
1,50401007,1,0,1,1,2,-.0810263
1,50401008,1,1,0,1,3,-1.160052
1,50401008,1,1,0,1,3,1.136443
1,50401008,0,1,0,1,2,-.9587092
1,50401008,0,1,0,1,3,.06658
0,50401009,1,1,0,1,2,.4206721
0,50401009,0,1,0,1,3,.5727723
0,50401009,1,1,0,1,1,-.0730596
0,50401009,1,1,0,1,2,1.023759
0,50401009,1,1,0,1,3,-.2881106
0,50401009,1,1,0,1,3,-.495451
0,50401009,1,1,0,1,2,-1.424644
0,50401009,0,1,0,0,2,.0815252
1,50401010,1,0,0,1,3,.2344689
1,50401010,0,1,0,1,3,-.0382815
1,50401010,1,0,0,1,3,.0111845
1,50401010,1,0,1,1,2,.0696852
1,50401010,1,0,0,1,3,1.136443
1,50401010,0,1,0,1,2,-.3795245
1,50401010,1,0,0,1,0,.6854559
1,50401010,0,0,0,1,2,.9818083
1,50401011,1,1,0,0,3,-.7196681
1,50401011,0,0,0,1,2,1.123759
1,50401011,1,1,0,1,2,-.216518
1,50401011,1,1,1,1,3,-.1393387
1,50401011,1,1,0,1,2,.9716591
0,50402004,0,1,0,1,2,.1902799
0,50402004,1,1,1,1,2,-.0824705
0,50402004,0,1,0,1,2,.6257431
0,50402004,0,1,0,1,1,1.023759
0,50402004,1,1,0,1,3,-.1967821
0,50402004,1,0,0,1,2,.5854559
0,50402004,1,0,0,1,2,.5085865
0,50402004,1,1,0,1,2,1.036443
1,50402005,0,1,0,1,2,1.123759
1,50402005,1,1,0,1,2,1.136443
1,50402005,0,1,0,1,1,-.5812809
1,50402005,0,1,0,1,3,1.123759
1,50402005,0,0,0,0,2,.1666852
1,50402005,1,0,0,0,2,-1.617345
1,50402005,0,1,0,1,3,-.5126866
1,50402005,1,1,0,1,3,1.136443
1,50402006,1,0,0,1,2,.1917241
1,50402006,1,0,0,1,3,.0696852
1,50402006,1,1,0,1,3,.1097403
1,50402006,1,1,0,1,1,.0804202
1,50402006,1,1,0,1,3,.3213769
1,50402006,0,1,0,1,2,.9669683
1,50402006,0,1,0,0,2,.0263198
0,50402007,1,0,0,1,1,-.2818289
0,50402007,0,1,1,1,3,.1069454
0,50402007,1,1,0,1,2,-.2961558
0,50402007,1,0,0,0,3,1.036443
0,50402008,1,0,0,1,2,.9779422
0,50402008,1,1,0,1,3,.3932842
0,50402008,1,1,0,0,1,.1344689
0,50402008,1,1,0,1,2,-1.446931
0,50402008,1,0,0,1,3,1.036443
0,50402008,0,0,1,0,2,1.023759
0,50402008,0,1,0,0,1,-.6394511
1,50403004,1,0,0,1,2,1.070215
1,50403004,0,0,0,1,3,.2217854
1,50403004,0,1,0,0,2,-.0636743
1,50403004,1,1,0,1,3,.5206721
1,50403004,0,1,0,1,2,.4909782
1,50403004,1,1,1,1,2,1.093698
1,50403004,1,0,0,1,2,-.4039502
1,50403005,0,0,0,1,2,1.123759
1,50403005,1,1,0,1,3,.2344689
1,50403005,1,1,1,1,3,-1.573058
1,50403005,1,1,0,1,2,.6900624
1,50403005,1,1,0,0,2,.0696852
1,50403005,1,1,0,1,1,.0111845
1,50403007,1,1,0,1,2,-.1271083
1,50403007,1,0,0,1,3,.0696852
1,50403007,1,0,1,0,2,-2.49983
1,50403007,0,1,0,1,2,.2997724
1,50403007,0,1,0,1,3,1.123759
1,50403007,0,1,0,1,3,1.123759
1,50403007,1,1,0,1,3,.9559033
1,50403007,1,0,0,1,3,-.4398024
0,50403008,1,1,0,1,1,-.7663381
0,50403008,1,1,0,0,3,-.0303148
0,50403008,0,0,0,1,2,1.023759
0,50403008,1,1,0,1,2,-1.630314
0,50403008,1,1,0,1,3,.0265023
0,50403008,1,1,0,0,3,-.0162426
0,50403008,0,1,0,1,2,.8935051
0,50403009,1,1,0,1,2,.1344689
0,50403009,1,1,0,0,1,.5727723
0,50403009,1,1,0,1,3,.1344689
0,50403009,1,0,0,0,3,.89815
0,50403009,1,1,0,1,2,-.0623246
0,50403009,0,1,0,1,2,-.0736802
0,50403009,1,1,0,1,2,-.4398333
0,50403009,1,1,0,1,3,-.9361728
1,50403010,1,1,0,1,2,1.136443
1,50403010,1,1,0,1,2,.0696852
1,50403010,1,1,0,1,3,.2344689
1,50403010,0,1,0,1,2,1.083499
1,50403011,1,0,0,1,3,-1.236866
1,50403011,0,1,0,1,2,.0263198
1,50403011,1,1,0,1,3,.6269553
1,50403011,1,1,0,1,2,-2.569291
0,50403012,1,1,0,0,3,1.008919
0,50403012,0,0,0,1,2,-1.676785
0,50403012,1,1,0,1,2,-.8141239
0,50403012,0,1,0,1,3,.8685539
0,50403012,1,1,0,1,3,-.2271083
1,50403013,1,0,0,1,2,1.136443
1,50403013,1,1,0,1,2,.0961761
1,50403013,1,0,0,1,2,-1.406591
1,50403013,1,1,0,1,2,.2187131
1,50403013,1,1,0,1,1,1.136443
1,50403013,1,1,0,1,3,.4704049
1,50403013,1,0,0,1,2,-2.107918
1,50403013,1,1,0,1,3,-.12961
0,50403014,1,0,0,1,2,-.0195798
0,50403014,1,0,0,1,3,-1.715375
0,50403014,0,1,0,1,3,-.0736802
0,50403014,1,1,0,1,3,1.036443
0,50403014,1,1,0,1,3,-.4398333
0,50403014,0,1,0,1,2,-.1351109
0,50403015,1,1,0,1,2,.8716591
0,50403015,0,1,0,1,3,.8685539
0,50403015,1,1,0,0,3,.4206721
0,50403015,0,1,0,1,2,.1217854
0,50403015,1,1,0,1,2,-.9763932
0,50403015,1,1,0,0,2,.4206721
0,50403015,0,1,0,1,2,-.3009198
1,50403016,0,1,0,1,3,.6727723
1,50403016,1,0,0,1,2,1.136443
1,50403016,1,1,0,1,2,-.0967821
1,50403016,1,1,0,1,3,-.3041225
1,50403016,1,1,0,1,3,-.3813018
1,50403016,1,1,0,0,2,1.136443
1,50403017,0,1,0,1,3,-.4819946
1,50403017,0,1,0,1,2,.517567
1,50403017,1,1,0,1,2,.7663746
1,50403017,1,1,0,1,3,.9289143
1,50403018,0,1,0,1,2,.4530601
1,50403018,0,1,0,1,3,-.2613777
1,50403018,1,1,0,1,3,1.136443
1,50403018,1,1,0,1,2,-.235075
1,50403018,1,1,0,1,3,-.1723548
1,50403018,1,1,0,1,3,.666899
1,50403018,1,1,0,1,2,-1.449336
1,50404004,0,1,0,0,2,1.123759
1,50404004,1,1,0,0,2,.2344689
1,50404004,0,1,0,1,2,.2217854
1,50404004,0,1,0,1,1,-2.134776
1,50404004,1,1,0,1,2,.0111845
1,50404004,0,1,0,1,3,.6727723
