village_code,hhid,time,cash,income_pc,widow
40303012,1,0,1,107.6293,0
40303012,1,1,1,867.9896,0
40303012,2,0,1,228.9508,0
40303012,2,1,1,176.1669,0
40303012,3,0,1,312.8184,1
40303012,3,1,1,255.442,1
40303013,4,0,1,211.0292,0
40303013,4,1,1,324.1471,0
40303013,5,0,1,50.37712,0
40303013,5,1,1,159.8107,0
40303013,6,0,1,100.657,1
40303013,6,1,1,81.21747,1
40303013,7,0,1,80.6233,0
40303013,7,1,1,116.307,0
40303014,8,0,1,57.49158,0
40303014,8,1,1,21.85036,0
40303014,9,0,1,1333.454,1
40303014,9,1,1,642.3317,1
40303014,10,0,1,64.35365,0
40303014,10,1,1,153.6176,0
40303014,11,0,1,266.2811,0
40303014,11,1,1,2331.98,0
40303015,12,0,0,56.84902,1
40303015,12,1,0,7.701062,1
40303015,13,0,0,137.279,0
40303015,13,1,0,202.7817,0
40303015,14,0,0,610.7553,1
40303015,14,1,0,416.7025,1
40303016,15,0,1,292.6281,0
40303016,15,1,1,69.47343,0
40303016,16,0,1,66.95279,1
40303016,16,1,1,53.35305,1
40303016,17,0,1,89.87312,0
40303016,17,1,1,152.3448,0
40303016,18,0,1,99.31582,0
40303016,18,1,1,123.082,0
40303017,19,0,1,588.83,1
40303017,19,1,1,243.5991,1
40303017,20,0,1,1113.839,0
40303017,20,1,1,561.0564,0
40303017,21,0,1,276.9371,0
40303017,21,1,1,3632.504,0
40303017,22,0,1,87.91199,0
40303017,22,1,1,153.6176,0
40303018,23,0,1,219.1163,1
40303018,23,1,1,210.8583,1
40303018,24,0,1,187.4418,0
40303018,24,1,1,771.9634,0
40303018,25,0,1,68.95642,1
40303018,25,1,1,94.33162,1
40303018,26,0,1,74.987,0
40303018,26,1,1,234.3255,0
40303019,27,0,1,219.9412,0
40303019,27,1,1,69.27377,0
40303019,28,0,1,1396.316,1
40303019,28,1,1,109.7655,1
40303019,29,0,1,65.13557,1
40303019,29,1,1,100.2796,1
40303019,30,0,1,361.9716,1
40303019,30,1,1,112.8526,1
40303020,31,0,1,75.79244,0
40303020,31,1,1,35.32647,0
40303020,32,0,1,172.2011,1
40303020,32,1,1,158.9351,1
40303020,33,0,1,94.65877,0
40303020,33,1,1,245.7312,0
40401010,34,0,0,85.18596,0
40401010,34,1,0,2244.188,0
40401010,35,0,0,67.99472,0
40401010,35,1,0,434.6902,0
40401010,36,0,0,77.97688,0
40401010,36,1,0,116.1231,0
40401010,37,0,0,41.71874,0
40401010,37,1,0,104.5438,0
40401010,38,0,0,37.86722,0
40401010,38,1,0,562.0173,0
40401011,39,0,1,102.6913,0
40401011,39,1,1,560.0761,0
40401011,40,0,1,188.9568,0
40401011,40,1,1,1444.367,0
40401012,41,0,0,76.00124,0
40401012,41,1,0,557.9929,0
40401012,42,0,0,30.42238,0
40401012,42,1,0,41.06767,0
40401012,43,0,0,206.8629,0
40401012,43,1,0,493.9449,0
40401012,44,0,0,12.84125,0
40401012,44,1,0,93.05227,0
40402010,45,0,0,114.1623,0
40402010,45,1,0,239.9484,0
40402010,46,0,0,33.88192,0
40402010,46,1,0,81.52576,0
40402010,47,0,0,123.0022,1
40402010,47,1,0,76.42934,1
40402010,48,0,0,306.7774,0
40402010,48,1,0,200.3901,0
40402011,49,0,0,57.73145,0
40402011,49,1,0,583.3835,0
40402011,50,0,0,86.6703,0
40402011,50,1,0,184.4959,0
40402012,51,0,0,165.4842,0
40402012,51,1,0,352.2661,0
40402012,52,0,0,92.33778,0
40402012,52,1,0,252.0542,0
40402013,53,0,1,54.7237,0
40402013,53,1,1,33.82405,0
40402013,54,0,1,903.4126,0
40402013,54,1,1,772.0348,0
40402013,55,0,1,65.75394,0
40402013,55,1,1,11.97564,0
40402014,56,0,1,536.7626,0
40402014,56,1,1,210.907,0
40402014,57,0,1,1547.646,0
40402014,57,1,1,394.0502,0
40402014,58,0,1,81.59355,0
40402014,58,1,1,34.52871,0
40402015,59,0,1,16.39709,0
40402015,59,1,1,130.5792,0
40402015,60,0,1,139.0852,0
40402015,60,1,1,196.7975,0
40402015,61,0,1,87.91199,1
40402015,61,1,1,18.92665,1
40402015,62,0,1,215.8785,0
40402015,62,1,1,173.3483,0
40402016,63,0,0,170.3719,1
40402016,63,1,0,162.6156,1
40402016,64,0,0,189.2707,1
40402016,64,1,0,733.0712,1
40402016,65,0,0,23.48176,0
40402016,65,1,0,232.45,0
40402016,66,0,0,66.01737,0
40402016,66,1,0,146.2637,0
40403010,67,0,0,31.46678,0
40403010,67,1,0,18.04505,0
40403010,68,0,0,1350.885,1
40403010,68,1,0,318.0253,1
40403010,69,0,0,642.2642,1
40403010,69,1,0,272.1101,1
40403011,70,0,0,63.51683,1
40403011,70,1,0,179.0365,1
40403011,71,0,0,266.9191,1
40403011,71,1,0,516.6445,1
40403011,72,0,0,40.86825,0
40403011,72,1,0,421.4563,0
40403011,73,0,0,126.2677,0
40403011,73,1,0,392.3102,0
40403012,74,0,0,59.33248,0
40403012,74,1,0,591.0062,0
40403012,75,0,0,25.16709,0
40403012,75,1,0,111.7982,0
40403012,76,0,0,90.35159,1
40403012,76,1,0,118.9804,1
40403012,77,0,0,187.8455,0
40403012,77,1,0,179.7295,0
40403013,78,0,1,112.8118,0
40403013,78,1,1,107.614,0
40403013,79,0,1,211.4924,1
40403013,79,1,1,140.8179,1
40403013,80,0,1,43.62661,0
40403013,80,1,1,42.82433,0
40403013,81,0,1,291.8871,1
40403013,81,1,1,138.2233,1
40403014,82,0,1,51.60078,0
40403014,82,1,1,117.9925,0
40403014,83,0,1,371.9864,1
40403014,83,1,1,67.75651,1
40403015,84,0,1,136.3913,1
40403015,84,1,1,108.5174,1
40403015,85,0,1,195.4738,0
40403015,85,1,1,956.4902,0
40403015,86,0,1,59.94643,1
40403015,86,1,1,7.353661,1
40403016,87,0,0,129.5067,1
40403016,87,1,0,131.2218,1
40403016,88,0,0,328.6107,1
40403016,88,1,0,12.19617,1
40403016,89,0,0,303.5069,0
40403016,89,1,0,54.2052,0
40403016,90,0,0,922.2177,0
40403016,90,1,0,962.463,0
40403017,91,0,1,64.63397,0
40403017,91,1,1,131.3501,0
40403017,92,0,1,1129.266,0
40403017,92,1,1,14530.02,0
40403017,93,0,1,651.2267,1
40403017,93,1,1,161.2605,1
40404010,94,0,1,257.9739,0
40404010,94,1,1,807.0794,0
40404010,95,0,1,113.2197,0
40404010,95,1,1,1710.132,0
40404010,96,0,1,125.5644,1
40404010,96,1,1,8.13078,1
40404011,97,0,0,169.891,1
40404011,97,1,0,28.18512,1
40404011,98,0,0,70.05799,0
40404011,98,1,0,23.45603,0
40404011,99,0,0,106.1446,0
40404011,99,1,0,24.31735,0
40404011,100,0,0,341.1752,0
40404011,100,1,0,316.8294,0
40404012,101,0,0,80.68997,0
40404012,101,1,0,529.8745,0
40404012,102,0,0,248.1545,1
40404012,102,1,0,149.1142,1
40404013,103,0,0,300.44,0
40404013,103,1,0,649.6494,0
40404013,104,0,0,94.14392,0
40404013,104,1,0,92.80756,0
40404013,105,0,0,467.6931,1
40404013,105,1,0,134.773,1
40404013,106,0,0,175.824,1
40404013,106,1,0,70.19574,1
40404014,107,0,1,75.47266,0
40404014,107,1,1,161.6709,0
40404014,108,0,1,720.6594,1
40404014,108,1,1,230.3289,1
40404014,109,0,1,288.9212,1
40404014,109,1,1,251.6477,1
40404014,110,0,1,84.25423,0
40404014,110,1,1,.8456011,0
40404015,111,0,0,721.5021,1
40404015,111,1,0,131.7062,1
40404015,112,0,0,122.8867,1
40404015,112,1,0,807.3188,1
40404015,113,0,0,112.1316,0
40404015,113,1,0,140.4749,0
40404015,114,0,0,131.1529,0
40404015,114,1,0,130.0925,0
40404016,115,0,1,148.2913,1
40404016,115,1,1,32.97483,1
40404016,116,0,1,169.3527,0
40404016,116,1,1,58.50039,0
40404016,117,0,1,136.8182,1
40404016,117,1,1,1.829426,1
40404016,118,0,1,38.57901,0
40404016,118,1,1,331.1938,0
40404017,119,0,1,753.7728,1
40404017,119,1,1,58.49645,1
40404017,120,0,1,105.5616,0
40404017,120,1,1,73.63777,0
40404017,121,0,1,233.3686,0
40404017,121,1,1,96.3086,0
40404017,122,0,1,101.4165,0
40404017,122,1,1,162.1675,0
40404018,123,0,0,223.4782,1
40404018,123,1,0,88.44899,1
40404019,124,0,0,171.6407,1
40404019,124,1,0,100.5507,1
40404019,125,0,0,207.4489,0
40404019,125,1,0,470.8625,0
40404019,126,0,0,64.51286,0
40404019,126,1,0,746.225,0
40404020,127,0,0,47.87182,0
40404020,127,1,0,31.84556,0
40404020,128,0,0,55.05257,0
40404020,128,1,0,99.00572,0
40501010,129,0,0,102.67,0
40501010,129,1,0,61.75521,0
40501010,130,0,0,38.79926,1
40501010,130,1,0,57.90923,1
40501010,131,0,0,92.59855,1
40501010,131,1,0,219.5994,1
40501010,132,0,0,137.6613,0
40501010,132,1,0,625.3474,0
40501011,133,0,1,58.9193,0
40501011,133,1,1,91.23097,0
40501011,134,0,1,116.8614,0
40501011,134,1,1,246.1639,0
40501011,135,0,1,185.5851,1
40501011,135,1,1,818.4986,1
40501011,136,0,1,89.5945,1
40501011,136,1,1,29.61927,1
40501012,137,0,0,51.72536,0
40501012,137,1,0,53.50066,0
40501012,138,0,0,303.7319,0
40501012,138,1,0,2.672024,0
40501012,139,0,0,239.6211,0
40501012,139,1,0,257.9651,0
40501012,140,0,0,412.7396,1
40501012,140,1,0,197.6998,1
40501013,141,0,1,141.1715,0
40501013,141,1,1,46.24702,0
40501013,142,0,1,161.3832,0
40501013,142,1,1,477.7291,0
40501013,143,0,1,1.952033,0
40501013,143,1,1,1019.804,0
40501014,144,0,0,304.1849,0
40501014,144,1,0,115.1861,0
40501014,145,0,0,25.70837,0
40501014,145,1,0,8.808346,0
40501014,146,0,0,81.80514,1
40501014,146,1,0,13.03539,1
40501014,147,0,0,585.6815,1
40501014,147,1,0,26.28952,1
40501015,148,0,0,41.25403,0
40501015,148,1,0,60.88576,0
40501015,149,0,0,92.62985,0
40501015,149,1,0,36.66599,0
40501015,150,0,0,126.0281,1
40501015,150,1,0,91.87782,1
40501015,151,0,0,113.0987,1
40501015,151,1,0,632.3503,1
40501016,152,0,0,215.2256,1
40501016,152,1,0,77.86055,1
40501016,153,0,0,45.54779,0
40501016,153,1,0,52.60936,0
40501016,154,0,0,208.1012,0
40501016,154,1,0,2298.572,0
40501016,155,0,0,77.56773,0
40501016,155,1,0,86.72833,0
40501017,156,0,0,17.39202,0
40501017,156,1,0,213.0942,0
40501017,157,0,0,93.06678,0
40501017,157,1,0,585.755,0
40501017,158,0,0,526.5009,0
40501017,158,1,0,212.7554,0
40501017,159,0,0,211.678,0
40501017,159,1,0,217.3092,0
40501018,160,0,1,443.0134,0
40501018,160,1,1,357.1256,0
40501018,161,0,1,109.3949,1
40501018,161,1,1,61.89176,1
40501018,162,0,1,10.7357,0
40501018,162,1,1,145.6313,0
40501018,163,0,1,376.4219,0
40501018,163,1,1,359.554,0
40501019,164,0,0,79.36562,1
40501019,164,1,0,466.1648,1
40501019,165,0,0,528.6017,0
40501019,165,1,0,580.9868,0
40501019,166,0,0,421.1594,1
40501019,166,1,0,754.2654,1
40501019,167,0,0,94.07239,0
40501019,167,1,0,25.3861,0
40502010,168,0,1,81.81609,0
40502010,168,1,1,417.8679,0
40502010,169,0,1,358.7575,0
40502010,169,1,1,541.1848,0
40502010,170,0,1,68.0589,1
40502010,170,1,1,67.54294,1
40502011,171,0,1,44.48745,0
40502011,171,1,1,489.3166,0
40502011,172,0,1,45.31252,0
40502011,172,1,1,2586.13,0
40502011,173,0,1,284.8376,0
40502011,173,1,1,401.0968,0
40502011,174,0,1,106.101,1
40502011,174,1,1,169.7851,1
40502012,175,0,1,80.65439,0
40502012,175,1,1,164.2964,0
40502012,176,0,1,364.3795,1
40502012,176,1,1,6.32394,1
40502012,177,0,1,2258.531,1
40502012,177,1,1,2517.154,1
40502013,178,0,0,58.24429,0
40502013,178,1,0,393.8494,0
40502013,179,0,0,281.7688,0
40502013,179,1,0,32.21338,0
40502013,180,0,0,175.3103,0
40502013,180,1,0,199.8817,0
40502014,181,0,0,55.63249,0
40502014,181,1,0,95.56378,0
40502014,182,0,0,89.73466,0
40502014,182,1,0,247.3112,0
40502014,183,0,0,65.98618,1
40502014,183,1,0,67.61385,1
40502014,184,0,0,399.6827,1
40502014,184,1,0,958.348,1
40502015,185,0,0,138.4593,0
40502015,185,1,0,55.21264,0
40502015,186,0,0,94.03008,0
40502015,186,1,0,47.77823,0
40502015,187,0,0,291.6864,0
40502015,187,1,0,107.9342,0
40502015,188,0,0,96.55321,1
40502015,188,1,0,37.20744,1
40502016,189,0,0,225.4997,0
40502016,189,1,0,1086.408,0
40502016,190,0,0,193.3932,1
40502016,190,1,0,867.2833,1
40502016,191,0,0,104.5963,0
40502016,191,1,0,36.72789,0
40502017,192,0,0,140.5464,0
40502017,192,1,0,942.6285,0
40502017,193,0,0,129.3719,1
40502017,193,1,0,446.1924,1
40502017,194,0,0,78.48377,0
40502017,194,1,0,279.3601,0
40502017,195,0,0,222.4709,0
40502017,195,1,0,55.96227,0
40502018,196,0,0,40.92758,0
40502018,196,1,0,135.8228,0
40502018,197,0,0,188.062,1
40502018,197,1,0,300.2291,1
40502018,198,0,0,142.3465,1
40502018,198,1,0,88.35448,1
40502019,199,0,0,94.66651,0
40502019,199,1,0,275.1868,0
40502019,200,0,0,150.0105,1
40502019,200,1,0,141.6965,1
40502020,201,0,0,119.2141,1
40502020,201,1,0,46.75199,1
40502020,202,0,0,77.0222,0
40502020,202,1,0,135.2872,0
40502020,203,0,0,59.43785,0
40502020,203,1,0,40.6539,0
40502020,204,0,0,81.91067,0
40502020,204,1,0,226.3067,0
40502021,205,0,1,109.8234,1
40502021,205,1,1,27.1026,1
40502021,206,0,1,68.85464,1
40502021,206,1,1,11.87582,1
40502021,207,0,1,54.66269,0
40502021,207,1,1,55.80968,0
40503010,208,0,0,94.33764,1
40503010,208,1,0,550.5216,1
40503010,209,0,0,162.372,1
40503010,209,1,0,21.08148,1
40503010,210,0,0,45.69801,0
40503010,210,1,0,304.972,0
40503011,211,0,0,81.38689,0
40503011,211,1,0,27.81549,0
40503011,212,0,0,302.0164,1
40503011,212,1,0,687.051,1
40503011,213,0,0,28.65584,1
40503011,213,1,0,1306.907,1
40503011,214,0,0,208.5863,0
40503011,214,1,0,701.2527,0
40503012,215,0,0,396.2561,1
40503012,215,1,0,225.5301,1
40503012,216,0,0,490.3462,0
40503012,216,1,0,27.39139,0
40503012,217,0,0,280.6853,0
40503012,217,1,0,321.6762,0
40503013,218,0,0,128.224,0
40503013,218,1,0,701.3459,0
40503013,219,0,0,180.4942,1
40503013,219,1,0,293.0047,1
40503013,220,0,0,737.6472,0
40503013,220,1,0,486.3734,0
40503014,221,0,1,691.0502,0
40503014,221,1,1,14.79802,0
40503014,222,0,1,82.10816,0
40503014,222,1,1,2754.781,0
40503014,223,0,1,77.72067,1
40503014,223,1,1,259.0571,1
40503015,224,0,1,217.8953,0
40503015,224,1,1,47.723,0
40503015,225,0,1,196.1276,1
40503015,225,1,1,107.7576,1
40503015,226,0,1,514.5017,0
40503015,226,1,1,251.462,0
40503016,227,0,0,46.83378,1
40503016,227,1,0,16.93913,1
40503016,228,0,0,24.26537,0
40503016,228,1,0,14.04818,0
40503017,229,0,0,375.8358,1
40503017,229,1,0,176.1867,1
40503017,230,0,0,89.12593,1
40503017,230,1,0,84.17294,1
40503018,231,0,1,209.5425,0
40503018,231,1,1,177.3414,0
40503018,232,0,1,349.7638,1
40503018,232,1,1,174.8118,1
40503018,233,0,1,135.0052,0
40503018,233,1,1,131.6722,0
40504010,234,0,0,812.3469,1
40504010,234,1,0,329.6354,1
40504010,235,0,0,903.3892,1
40504010,235,1,0,83.30312,1
40504010,236,0,0,25.47946,1
40504010,236,1,0,80.94228,1
40504011,237,0,0,271.9258,0
40504011,237,1,0,89.70962,0
40504011,238,0,0,417.6844,1
40504011,238,1,0,85.68375,1
40504011,239,0,0,86.05042,1
40504011,239,1,0,29.94838,1
40504012,240,0,0,113.4984,0
40504012,240,1,0,141.7466,0
40504012,241,0,0,98.81347,0
40504012,241,1,0,134.6661,0
40504012,242,0,0,13.01355,0
40504012,242,1,0,29.1353,0
40504012,243,0,0,146.9863,0
40504012,243,1,0,1741.165,0
40504013,244,0,1,90.02588,1
40504013,244,1,1,237.3285,1
40504013,245,0,1,230.3308,0
40504013,245,1,1,59.88137,0
40504014,246,0,0,74.52465,0
40504014,246,1,0,23.84095,0
40504014,247,0,0,17.54995,0
40504014,247,1,0,254.419,0
40504014,248,0,0,747.7731,1
40504014,248,1,0,1108.94,1
40504015,249,0,1,71.39417,0
40504015,249,1,1,190.2603,0
40504015,250,0,1,113.4701,1
40504015,250,1,1,169.0038,1
40504016,251,0,0,643.8904,0
40504016,251,1,0,901.0034,0
40504016,252,0,0,128.6981,0
40504016,252,1,0,592.5967,0
40504017,253,0,1,109.7789,0
40504017,253,1,1,117.3507,0
40504017,254,0,1,215.8582,0
40504017,254,1,1,69.48023,0
40504017,255,0,1,56.1295,0
40504017,255,1,1,85.65598,0
40504018,256,0,0,161.5278,0
40504018,256,1,0,154.0331,0
40504018,257,0,0,107.8659,0
40504018,257,1,0,157.421,0
40504018,258,0,0,1005.18,0
40504018,258,1,0,376.3196,0
40504019,259,0,0,816.1178,1
40504019,259,1,0,438.5349,1
40504019,260,0,0,413.7791,0
40504019,260,1,0,401.4573,0
40504019,261,0,0,103.7861,0
40504019,261,1,0,636.9639,0
40504020,262,0,0,188.3155,1
40504020,262,1,0,26.32333,1
40504020,263,0,0,115.6691,0
40504020,263,1,0,300.5001,0
40504020,264,0,0,304.1015,0
40504020,264,1,0,2178.643,0
40504020,265,0,0,81.10542,1
40504020,265,1,0,218.0617,1
40504021,266,0,0,305.378,0
40504021,266,1,0,229.6944,0
40504021,267,0,0,63.46797,0
40504021,267,1,0,5.462423,0
40504021,268,0,0,45.72373,0
40504021,268,1,0,265.2667,0
40504021,269,0,0,157.1959,1
40504021,269,1,0,81.30781,1
40504022,270,0,0,540.501,0
40504022,270,1,0,233.4212,0
40504022,271,0,0,114.5069,0
40504022,271,1,0,83.74704,0
40504022,272,0,0,142.3494,0
40504022,272,1,0,174.5317,0
40504023,273,0,1,71.1381,1
40504023,273,1,1,175.7442,1
40504023,274,0,1,49.57923,0
40504023,274,1,1,359.3805,0
40504023,275,0,1,43.956,0
40504023,275,1,1,390.3859,0
40504023,276,0,1,74.6982,0
40504023,276,1,1,3.805205,0
40504024,277,0,0,54.22161,1
40504024,277,1,0,133.2545,1
40504024,278,0,0,128.7445,1
40504024,278,1,0,130.4295,1
40504024,279,0,0,106.6754,0
40504024,279,1,0,240.3056,0
40504025,280,0,1,146.6358,1
40504025,280,1,1,394.7946,1
40504025,281,0,1,150.5097,0
40504025,281,1,1,370.6552,0
40504025,282,0,1,169.5982,0
40504025,282,1,1,242.5001,0
40504025,283,0,1,99.96608,1
40504025,283,1,1,197.4839,1
40504026,284,0,0,167.9453,0
40504026,284,1,0,75.34524,0
40504026,285,0,0,213.6352,1
40504026,285,1,0,204.5807,1
40504026,286,0,0,149.7066,1
40504026,286,1,0,30.80306,1
40505010,287,0,0,135.3241,0
40505010,287,1,0,1160.846,0
40505010,288,0,0,140.5021,0
40505010,288,1,0,313.7337,0
40505010,289,0,0,728.1768,1
40505010,289,1,0,576.5328,1
40505010,290,0,0,84.57129,1
40505010,290,1,0,185.0164,1
40505011,291,0,1,101.2254,0
40505011,291,1,1,123.4014,0
40505011,292,0,1,592.449,1
40505011,292,1,1,158.9116,1
40505011,293,0,1,43.11255,0
40505011,293,1,1,18.258,0
40505011,294,0,1,1052.086,0
40505011,294,1,1,338.5149,0
40505012,295,0,1,65.56161,1
40505012,295,1,1,134.2426,1
40505012,296,0,1,56.924,0
40505012,296,1,1,228.0589,0
40505012,297,0,1,67.49194,0
40505012,297,1,1,162.3554,0
40505013,298,0,0,64.3325,0
40505013,298,1,0,207.0338,0
40505013,299,0,0,63.27208,0
40505013,299,1,0,23.83894,0
40505013,300,0,0,173.0887,0
40505013,300,1,0,9.214885,0
40505014,301,0,0,182.0828,1
40505014,301,1,0,91.47129,1
40505014,302,0,0,122.9533,0
40505014,302,1,0,931.3332,0
40505014,303,0,0,36.54823,0
40505014,303,1,0,65.52639,0
40505015,304,0,0,132.6416,0
40505015,304,1,0,361.1422,0
40505015,305,0,0,257.5931,0
40505015,305,1,0,63.49753,0
40505015,306,0,0,74.47447,0
40505015,306,1,0,19.19768,0
40505016,307,0,0,211.2792,1
40505016,307,1,0,544.4913,1
40505016,308,0,0,416.2989,1
40505016,308,1,0,94.60789,1
40505016,309,0,0,209.7001,1
40505016,309,1,0,207.877,1
40505016,310,0,0,136.1225,1
40505016,310,1,0,181.4068,1
40505017,311,0,0,248.1542,1
40505017,311,1,0,347.3018,1
40505017,312,0,0,220.2115,1
40505017,312,1,0,20.86901,1
40505017,313,0,0,56.22159,1
40505017,313,1,0,15.10814,1
40505017,314,0,0,76.16349,1
40505017,314,1,0,8.13078,1
40505018,315,0,1,334.3421,0
40505018,315,1,1,1555.554,0
40505018,316,0,1,44.45292,1
40505018,316,1,1,130.6346,1
40505018,317,0,1,86.60779,1
40505018,317,1,1,44.78408,1
40505018,318,0,1,631.2749,1
40505018,318,1,1,2277.957,1
40505019,319,0,1,219.9705,0
40505019,319,1,1,42.63239,0
40505019,320,0,1,98.69554,0
40505019,320,1,1,94.15787,0
40505020,321,0,0,160.8954,0
40505020,321,1,0,328.065,0
40505020,322,0,0,56.16744,0
40505020,322,1,0,164.6822,0
40505020,323,0,0,72.65601,0
40505020,323,1,0,16.01093,0
40505020,324,0,0,244.785,1
40505020,324,1,0,285.1194,1
40506010,325,0,0,35.8653,0
40506010,325,1,0,11.98173,0
40506010,326,0,0,160.1665,0
40506010,326,1,0,158.0985,0
40506010,327,0,0,634.2144,0
40506010,327,1,0,39.28293,0
40506011,328,0,1,33.78851,1
40506011,328,1,1,93.84277,1
40506011,329,0,1,645.2947,0
40506011,329,1,1,4284.755,0
40506011,330,0,1,331.7747,1
40506011,330,1,1,197.849,1
40506012,331,0,0,25.91791,0
40506012,331,1,0,81.6976,0
40506012,332,0,0,80.16551,0
40506012,332,1,0,249.4253,0
40506012,333,0,0,53.14613,1
40506012,333,1,0,466.9778,1
40506012,334,0,0,140.7654,1
40506012,334,1,0,44.7193,1
40506013,335,0,0,172.2908,0
40506013,335,1,0,442.0434,0
40506013,336,0,0,79.9886,1
40506013,336,1,0,223.5965,1
40506014,337,0,1,368.5392,0
40506014,337,1,1,258.698,0
40506014,338,0,1,65.25264,0
40506014,338,1,1,151.6445,0
40506015,339,0,0,48.43893,0
40506015,339,1,0,76.42934,0
40506015,340,0,0,137.9311,1
40506015,340,1,0,176.1669,1
40506015,341,0,0,54.12041,0
40506015,341,1,0,85.4274,0
40506015,342,0,0,51.98734,1
40506015,342,1,0,1069.469,1
40506016,343,0,1,46.84215,0
40506016,343,1,1,88.60856,0
40506016,344,0,1,46.85078,0
40506016,344,1,1,186.0323,0
40506017,345,0,0,676.0093,0
40506017,345,1,0,1464.912,0
40506017,346,0,0,903.4126,0
40506017,346,1,0,130.6259,0
40506017,347,0,0,50.17212,0
40506017,347,1,0,98.096,0
40506018,348,0,1,60.38942,1
40506018,348,1,1,230.5035,1
40506018,349,0,1,344.4206,1
40506018,349,1,1,243.2188,1
40506018,350,0,1,116.4484,0
40506018,350,1,1,3629.039,0
40506018,351,0,1,469.641,0
40506018,351,1,1,886.9417,0
40506019,352,0,1,146.496,0
40506019,352,1,1,4360.102,0
40506019,353,0,1,20.28869,0
40506019,353,1,1,5.21454,0
40506020,354,0,1,353.8093,1
40506020,354,1,1,1201.807,1
40506020,355,0,1,55.88072,0
40506020,355,1,1,2421.669,0
40506020,356,0,1,65.38818,0
40506020,356,1,1,14.61011,0
40506020,357,0,1,191.9941,0
40506020,357,1,1,91.04307,0
40507010,358,0,0,11.03176,0
40507010,358,1,0,48.78469,0
40507010,359,0,0,81.52977,1
40507010,359,1,0,55.83136,1
40507010,360,0,0,236.4827,1
40507010,360,1,0,206.7929,1
40507011,361,0,1,61.13423,0
40507011,361,1,1,356.5619,0
40507011,362,0,1,46.96352,0
40507011,362,1,1,859.6946,0
40507011,363,0,1,152.7899,1
40507011,363,1,1,46.22667,1
40507011,364,0,1,431.4972,1
40507011,364,1,1,152.8587,1
40507012,365,0,1,93.75565,0
40507012,365,1,1,404.8141,0
40507012,366,0,1,93.72313,1
40507012,366,1,1,81.30781,1
40507012,367,0,1,77.80412,1
40507012,367,1,1,86.36281,1
40507012,368,0,1,128.3319,0
40507012,368,1,1,246.1904,0
40507013,369,0,1,66.60637,1
40507013,369,1,1,209.8273,1
40507013,370,0,1,100.6337,0
40507013,370,1,1,27.09659,0
40507013,371,0,1,113.7781,0
40507013,371,1,1,194.136,0
40507014,372,0,1,58.51139,0
40507014,372,1,1,384.3887,0
40507014,373,0,1,321.8534,1
40507014,373,1,1,89.07574,1
40507014,374,0,1,54.94901,0
40507014,374,1,1,608.9738,0
40507014,375,0,1,181.2226,0
40507014,375,1,1,224.6481,0
40507015,376,0,1,43.11841,1
40507015,376,1,1,245.1454,1
40507015,377,0,1,41.28984,0
40507015,377,1,1,117.6781,0
40507015,378,0,1,123.452,0
40507015,378,1,1,204.5227,0
40507015,379,0,1,222.8129,1
40507015,379,1,1,162.8003,1
40507016,380,0,0,38.98926,1
40507016,380,1,0,58.2706,1
40507016,381,0,0,82.42368,1
40507016,381,1,0,69.7028,1
40507016,382,0,0,153.3091,0
40507016,382,1,0,128.6258,0
40507016,383,0,0,71.29053,0
40507016,383,1,0,109.6651,0
40507017,384,0,1,25.03696,0
40507017,384,1,1,429.4438,0
40507017,385,0,1,114.0745,0
40507017,385,1,1,877.1973,0
40507017,386,0,1,126.5729,0
40507017,386,1,1,255.3518,0
40507017,387,0,1,276.2903,1
40507017,387,1,1,504.1084,1
40507018,388,0,0,34.63322,1
40507018,388,1,0,14.01995,1
40507018,389,0,0,276.7299,1
40507018,389,1,0,799.188,1
40507018,390,0,0,426.1148,1
40507018,390,1,0,1648.846,1
40507018,391,0,0,645.2947,1
40507018,391,1,0,718.219,1
40507019,392,0,1,74.05335,0
40507019,392,1,1,117.8961,0
40507019,393,0,1,63.47093,0
40507019,393,1,1,3447.44,0
40507020,394,0,0,108.7234,0
40507020,394,1,0,461.2863,0
40507020,395,0,0,106.1959,0
40507020,395,1,0,156.2465,0
40507020,396,0,0,137.2907,0
40507020,396,1,0,216.6477,0
40507021,397,0,1,274.6255,0
40507021,397,1,1,215.2701,0
40507021,398,0,1,97.80306,0
40507021,398,1,1,12.38534,0
40507021,399,0,1,111.8323,0
40507021,399,1,1,1527.72,0
40601010,400,0,0,66.49503,1
40601010,400,1,0,212.6662,1
40601010,401,0,0,18.17468,1
40601010,401,1,0,119.5142,1
40601010,402,0,0,445.2,0
40601010,402,1,0,123.9944,0
40601010,403,0,0,45.06122,0
40601010,403,1,0,209.6484,0
40601010,404,0,0,40.16742,0
40601010,404,1,0,175.1104,0
40601011,405,0,0,104.5873,1
40601011,405,1,0,48.8144,1
40601011,406,0,0,154.4161,1
40601011,406,1,0,89.40472,1
40601012,407,0,1,321.3997,1
40601012,407,1,1,769.7139,1
40601012,408,0,1,82.95729,0
40601012,408,1,1,693.3369,0
40601012,409,0,1,121.6876,0
40601012,409,1,1,939.5569,0
40601013,410,0,0,93.08139,0
40601013,410,1,0,74.84667,0
40601013,411,0,0,77.18135,0
40601013,411,1,0,49.80103,0
40601013,412,0,0,436.4515,0
40601013,412,1,0,113.5599,0
40601014,413,0,0,142.6303,0
40601014,413,1,0,73.00764,0
40601014,414,0,0,73.74707,0
40601014,414,1,0,574.9843,0
40601014,415,0,0,173.6596,0
40601014,415,1,0,258.6181,0
40601014,416,0,0,87.61943,0
40601014,416,1,0,116.3581,0
40601015,417,0,0,106.6005,1
40601015,417,1,0,1108.406,1
40601015,418,0,0,70.03475,0
40601015,418,1,0,226.3067,0
40601015,419,0,0,56.25002,1
40601015,419,1,0,51.16959,1
40601016,420,0,0,516.5675,1
40601016,420,1,0,1302.958,1
40601016,421,0,0,94.06048,0
40601016,421,1,0,225.7647,0
40601016,422,0,0,102.1467,0
40601016,422,1,0,233.9858,0
40601017,423,0,1,64.48131,0
40601017,423,1,1,1023.177,0
40601017,424,0,1,65.94273,0
40601017,424,1,1,187.0524,0
40601017,425,0,1,68.5385,0
40601017,425,1,1,23.9587,0
40601017,426,0,1,41.13541,0
40601017,426,1,1,93.99934,0
40601018,427,0,0,48.15726,0
40601018,427,1,0,104.3371,0
40601018,428,0,0,69.5916,0
40601018,428,1,0,74.55276,0
40601018,429,0,0,1805.033,1
40601018,429,1,0,160.1573,1
40601018,430,0,0,123.9731,0
40601018,430,1,0,94.81602,0
40601019,431,0,1,11.69996,1
40601019,431,1,1,76.48059,1
40601019,432,0,1,47.78688,1
40601019,432,1,1,261.9377,1
40601019,433,0,1,235.7025,1
40601019,433,1,1,527.633,1
40601020,434,0,0,305.3954,0
40601020,434,1,0,502.5726,0
40601020,435,0,0,717.6588,1
40601020,435,1,0,296.5845,1
40601020,436,0,0,35.88981,1
40601020,436,1,0,120.2452,1
40601020,437,0,0,18.92388,0
40601020,437,1,0,500.333,0
40601021,438,0,0,297.2965,0
40601021,438,1,0,365.3635,0
40601021,439,0,0,65.00611,1
40601021,439,1,0,118.1178,1
40601021,440,0,0,104.7697,0
40601021,440,1,0,140.1794,0
40601021,441,0,0,138.2991,0
40601021,441,1,0,112.2499,0
40601022,442,0,0,270.4389,0
40601022,442,1,0,182.9426,0
40601022,443,0,0,243.7734,0
40601022,443,1,0,425.9852,0
40601023,444,0,1,33.33124,0
40601023,444,1,1,13.09569,0
40601023,445,0,1,40.12977,0
40601023,445,1,1,48.15229,0
40601023,446,0,1,330.3551,0
40601023,446,1,1,917.774,0
40601024,447,0,1,195.742,0
40601024,447,1,1,158.5033,0
40601024,448,0,1,19.13808,1
40601024,448,1,1,48.88384,1
40601024,449,0,1,213.8982,0
40601024,449,1,1,1707.656,0
40601024,450,0,1,371.7751,0
40601024,450,1,1,112.6974,0
40602010,451,0,0,375.3301,0
40602010,451,1,0,9.48591,0
40602010,452,0,0,156.3809,0
40602010,452,1,0,188.9402,0
40602010,453,0,0,463.8864,0
40602010,453,1,0,32.52312,0
40602011,454,0,0,229.3857,1
40602011,454,1,0,60.57432,1
40602011,455,0,0,658.9207,1
40602011,455,1,0,474.16,1
40602012,456,0,0,19.56861,0
40602012,456,1,0,235.0395,0
40602012,457,0,0,49.32356,0
40602012,457,1,0,184.1129,0
40602013,458,0,1,17.70325,1
40602013,458,1,1,7.453216,1
40602013,459,0,1,233.6771,1
40602013,459,1,1,45.12583,1
40602014,460,0,0,172.096,1
40602014,460,1,0,113.517,1
40602014,461,0,0,168.5777,1
40602014,461,1,0,124.672,1
40602014,462,0,0,221.2278,0
40602014,462,1,0,130.6617,0
40602015,463,0,1,131.1729,0
40602015,463,1,1,77.92715,0
40602015,464,0,1,596.4332,1
40602015,464,1,1,44.0239,1
40602015,465,0,1,95.08679,0
40602015,465,1,1,84.70688,0
40602015,466,0,1,1129.266,0
40602015,466,1,1,2447.056,0
40602016,467,0,0,25.24908,1
40602016,467,1,0,20.13336,1
40602016,468,0,0,292.6657,0
40602016,468,1,0,71.7555,0
40602016,469,0,0,13.6676,1
40602016,469,1,0,181.2003,1
40602017,470,0,1,152.8728,0
40602017,470,1,1,166.0197,0
40602017,471,0,1,93.92705,1
40602017,471,1,1,642.9914,1
40602017,472,0,1,107.8356,1
40602017,472,1,1,897.7737,1
40602018,473,0,0,70.03677,1
40602018,473,1,0,21.85048,1
40602018,474,0,0,64.01082,0
40602018,474,1,0,106.0841,0
40602018,475,0,0,183.4709,0
40602018,475,1,0,312.6363,0
40602019,476,0,0,150.3777,1
40602019,476,1,0,54.13903,1
40602020,477,0,0,80.54607,0
40602020,477,1,0,70.46677,0
40602021,478,0,0,55.22959,0
40602021,478,1,0,22.45644,0
40602021,479,0,0,148.3886,0
40602021,479,1,0,625.4738,0
40602021,480,0,0,113.1929,0
40602021,480,1,0,1829.613,0
40602022,481,0,1,185.799,0
40602022,481,1,1,441.1219,0
40602022,482,0,1,32.5624,0
40602022,482,1,1,103.821,0
40602022,483,0,1,135.4671,1
40602022,483,1,1,176.98,1
40602023,484,0,0,153.7976,1
40602023,484,1,0,70.80674,1
40602023,485,0,0,161.3206,0
40602023,485,1,0,1534.658,0
40602023,486,0,0,130.7761,0
40602023,486,1,0,615.9022,0
40602023,487,0,0,170.4219,0
40602023,487,1,0,166.1389,0
40602024,488,0,1,56.61151,0
40602024,488,1,1,131.746,0
40602024,489,0,1,88.73651,1
40602024,489,1,1,740.1044,1
40602024,490,0,1,66.56407,1
40602024,490,1,1,351.5208,1
40602025,491,0,0,49.11413,0
40602025,491,1,0,1918.864,0
40603010,492,0,1,140.603,1
40603010,492,1,1,697.2756,1
40603010,493,0,1,70.73996,0
40603010,493,1,1,382.4538,0
40603010,494,0,1,35.74949,0
40603010,494,1,1,198.4814,0
40603010,495,0,1,248.2291,0
40603010,495,1,1,209.2863,0
40603011,496,0,1,127.7766,0
40603011,496,1,1,108.049,0
40603011,497,0,1,105.8141,1
40603011,497,1,1,36.38525,1
40603011,498,0,1,273.349,1
40603011,498,1,1,167.8436,1
40603011,499,0,1,94.36797,0
40603011,499,1,1,23.159,0
40603012,500,0,1,282.989,0
40603012,500,1,1,256.9688,0
40603012,501,0,1,81.74796,1
40603012,501,1,1,432.4612,1
40603012,502,0,1,408.8386,0
40603012,502,1,1,201.5349,0
40603013,503,0,0,167.622,1
40603013,503,1,0,734.074,1
40603013,504,0,0,254.1021,1
40603013,504,1,0,309.9147,1
40603014,505,0,0,238.6124,1
40603014,505,1,0,151.2325,1
40603014,506,0,0,169.1862,0
40603014,506,1,0,83.54377,0
40603014,507,0,0,48.16449,0
40603014,507,1,0,211.2267,0
40603014,508,0,0,48.44443,0
40603014,508,1,0,865.3474,0
40603015,509,0,0,105.0476,0
40603015,509,1,0,15.48979,0
40603015,510,0,0,56.36845,0
40603015,510,1,0,28.0512,0
40603015,511,0,0,138.6938,1
40603015,511,1,0,633.2975,1
40603015,512,0,0,96.91954,1
40603015,512,1,0,59.92498,1
40603015,513,0,0,116.0463,0
40603015,513,1,0,9228.198,0
40603016,514,0,1,22.83663,0
40603016,514,1,1,72.72611,0
40603016,515,0,1,252.8429,1
40603016,515,1,1,343.661,1
40603016,516,0,1,1239.643,0
40603016,516,1,1,263.0364,0
40603017,517,0,1,479.8323,1
40603017,517,1,1,141.837,1
40603017,518,0,1,137.6302,0
40603017,518,1,1,67.44754,0
40603017,519,0,1,46.58027,0
40603017,519,1,1,1691.202,0
40603017,520,0,1,184.4438,1
40603017,520,1,1,121.8391,1
40603018,521,0,1,219.9229,0
40603018,521,1,1,202.9443,0
40603018,522,0,1,218.2469,0
40603018,522,1,1,931.5506,0
40603018,523,0,1,113.7406,0
40603018,523,1,1,342.7221,0
40603018,524,0,1,131.7413,0
40603018,524,1,1,438.2469,0
40603019,525,0,1,41.94283,0
40603019,525,1,1,162.4382,0
40603019,526,0,1,227.5204,0
40603019,526,1,1,180.8675,0
40603019,527,0,1,146.8264,0
40603019,527,1,1,1460.823,0
40603019,528,0,1,15.11143,0
40603019,528,1,1,59.54442,0
40603020,529,0,0,106.6396,1
40603020,529,1,0,226.9936,1
40603020,530,0,0,33.74199,0
40603020,530,1,0,12.19617,0
40603020,531,0,0,109.1941,0
40603020,531,1,0,31.50008,0
40603020,532,0,0,41.77983,0
40603020,532,1,0,73.58356,0
40603021,533,0,1,317.2109,1
40603021,533,1,1,90.96965,1
40603021,534,0,1,166.5449,0
40603021,534,1,1,330.4891,0
40603021,535,0,1,285.6362,1
40603021,535,1,1,17.34567,1
50101010,536,0,0,32.20542,1
50101010,536,1,0,63.71822,1
50101010,537,0,0,34.48676,1
50101010,537,1,0,106.581,1
50101010,538,0,0,140.3462,0
50101010,538,1,0,702.8698,0
50101011,539,0,0,139.5791,1
50101011,539,1,0,48.69434,1
50101011,540,0,0,43.62716,0
50101011,540,1,0,116.467,0
50101012,541,0,0,40.86315,0
50101012,541,1,0,132.8027,0
50101012,542,0,0,22.66406,1
50101012,542,1,0,72.36395,1
50101012,543,0,0,59.36907,0
50101012,543,1,0,496.5197,0
50101013,544,0,0,44.96849,0
50101013,544,1,0,292.3844,0
50101013,545,0,0,261.9267,0
50101013,545,1,0,220.0694,0
50101013,546,0,0,123.3193,1
50101013,546,1,0,5.245479,1
50101017,547,0,0,185.1537,1
50101017,547,1,0,243.9234,1
50101017,548,0,0,36.29042,0
50101017,548,1,0,5.807701,0
50101017,549,0,0,501.8889,0
50101017,549,1,0,1888.6,0
50101018,550,0,0,109.5246,0
50101018,550,1,0,265.8765,0
50101018,551,0,0,238.0482,1
50101018,551,1,0,151.097,1
50101018,552,0,0,404.9298,1
50101018,552,1,0,108.4104,1
50101018,553,0,0,133.6909,0
50101018,553,1,0,1117.169,0
50101019,554,0,1,167.1044,0
50101019,554,1,1,400.2513,0
50101019,555,0,1,120.2354,1
50101019,555,1,1,23.62481,1
50101019,556,0,1,629.0469,0
50101019,556,1,1,510.8559,0
50101020,557,0,1,33.62281,0
50101020,557,1,1,75.48399,0
50101020,558,0,1,101.9933,1
50101020,558,1,1,102.1768,1
50101020,559,0,1,20.13565,0
50101020,559,1,1,389.4078,0
50101020,560,0,1,323.5395,0
50101020,560,1,1,641.0303,0
50101021,561,0,1,88.38897,0
50101021,561,1,1,112.465,0
50101021,562,0,1,185.5403,1
50101021,562,1,1,179.5547,1
50101021,563,0,1,71.16061,1
50101021,563,1,1,2794.234,1
50101022,564,0,0,359.2463,1
50101022,564,1,0,66.04032,1
50101022,565,0,0,47.01264,1
50101022,565,1,0,636.115,1
50101022,566,0,0,20.7511,0
50101022,566,1,0,258.2652,0
50101022,567,0,0,508.106,1
50101022,567,1,0,1696.776,1
50103010,568,0,0,23.50205,0
50103010,568,1,0,39.19036,0
50103010,569,0,0,326.338,1
50103010,569,1,0,56.57291,1
50103010,570,0,0,192.0975,1
50103010,570,1,0,1.80684,1
50103011,571,0,1,81.74878,1
50103011,571,1,1,748.0319,1
50103011,572,0,1,38.17165,0
50103011,572,1,1,4.832844,0
50103011,573,0,1,282.5437,0
50103011,573,1,1,183.0531,0
50103012,574,0,0,182.8855,0
50103012,574,1,0,508.3093,0
50103013,575,0,0,11.51342,0
50103013,575,1,0,95.71735,0
50103013,576,0,0,51.97334,1
50103013,576,1,0,80.63024,1
50103014,577,0,1,51.53966,0
50103014,577,1,1,265.6729,0
50103014,578,0,1,315.2353,1
50103014,578,1,1,141.9499,1
50103014,579,0,1,27.0245,0
50103014,579,1,1,123.5517,0
50103014,580,0,1,198.2398,1
50103014,580,1,1,992.2263,1
50103015,581,0,1,29.97786,0
50103015,581,1,1,174.1938,0
50103015,582,0,1,75.0779,0
50103015,582,1,1,1379.457,0
50103016,583,0,0,752.8438,0
50103016,583,1,0,429.8473,0
50103016,584,0,0,615.1281,1
50103016,584,1,0,71.41536,1
50103016,585,0,0,234.8274,0
50103016,585,1,0,132.1252,0
50103017,586,0,1,306.7741,1
50103017,586,1,1,95.19788,1
50103018,587,0,0,61.15139,0
50103018,587,1,0,169.6584,0
50103018,588,0,0,109.8396,1
50103018,588,1,0,529.8559,1
50103019,589,0,1,58.86396,0
50103019,589,1,1,112.3328,0
50103019,590,0,1,300.0473,1
50103019,590,1,1,12.87374,1
50103019,591,0,1,66.30702,0
50103019,591,1,1,42.77333,0
50103020,592,0,1,117.9173,0
50103020,592,1,1,364.6655,0
50103020,593,0,1,12.74352,0
50103020,593,1,1,137.8017,0
50103021,594,0,1,89.28803,0
50103021,594,1,1,149.3896,0
50103021,595,0,1,22.24763,0
50103021,595,1,1,582.1557,0
50103021,596,0,1,55.12368,0
50103021,596,1,1,234.9563,0
50103021,597,0,1,35.12446,0
50103021,597,1,1,423.8153,0
50103022,598,0,1,38.61638,1
50103022,598,1,1,45.5271,1
50103022,599,0,1,333.9527,0
50103022,599,1,1,142.3429,0
50103022,600,0,1,154.5978,1
50103022,600,1,1,166.952,1
50103022,601,0,1,273.1262,0
50103022,601,1,1,1320.911,0
50103023,602,0,1,16.66371,0
50103023,602,1,1,14.44569,0
50103023,603,0,1,193.2883,0
50103023,603,1,1,82.44612,0
50103023,604,0,1,19.44188,0
50103023,604,1,1,135.1435,0
50103024,605,0,1,114.5878,0
50103024,605,1,1,1183.842,0
50103024,606,0,1,77.47955,1
50103024,606,1,1,94.1166,1
50103024,607,0,1,203.8706,1
50103024,607,1,1,105.7001,1
50103024,608,0,1,276.8386,0
50103024,608,1,1,70.57775,0
50201010,609,0,1,66.03267,1
50201010,609,1,1,69.11163,1
50201010,610,0,1,84.88747,0
50201010,610,1,1,578.5651,0
50201010,611,0,1,241.5258,0
50201010,611,1,1,245.2243,0
50201010,612,0,1,48.32395,0
50201010,612,1,1,240.644,0
50201011,613,0,0,259.6379,0
50201011,613,1,0,299.7167,0
50201011,614,0,0,102.176,0
50201011,614,1,0,221.5638,0
50201011,615,0,0,22.80682,0
50201011,615,1,0,784.5314,0
50201012,616,0,0,20.3631,1
50201012,616,1,0,175.741,1
50201012,617,0,0,82.48252,1
50201012,617,1,0,328.4158,1
50201013,618,0,1,55.11843,0
50201013,618,1,1,100.0464,0
50201013,619,0,1,195.1328,1
50201013,619,1,1,125.4963,1
50201013,620,0,1,50.84106,0
50201013,620,1,1,98.65347,0
50201014,621,0,1,35.09989,1
50201014,621,1,1,17.34566,1
50201014,622,0,1,143.4492,1
50201014,622,1,1,1457.564,1
50201014,623,0,1,47.45058,1
50201014,623,1,1,113.2923,1
50201015,624,0,1,27.51336,0
50201015,624,1,1,175.999,0
50201015,625,0,1,383.7308,0
50201015,625,1,1,170.8114,0
50201015,626,0,1,501.8959,0
50201015,626,1,1,16.77109,0
50202010,627,0,1,144.9199,1
50202010,627,1,1,124.3309,1
50202010,628,0,1,116.1574,0
50202010,628,1,1,1749.831,0
50202010,629,0,1,92.52561,0
50202010,629,1,1,50.2663,0
50202010,630,0,1,93.1351,1
50202010,630,1,1,98.24693,1
50202011,631,0,1,413.8209,0
50202011,631,1,1,197.5888,0
50202011,632,0,1,575.8741,0
50202011,632,1,1,1002.479,0
50202011,633,0,1,36.18799,0
50202011,633,1,1,948.5465,0
50202011,634,0,1,75.16306,0
50202011,634,1,1,395.071,0
50202012,635,0,1,26.68012,0
50202012,635,1,1,103.0913,0
50202012,636,0,1,104.9823,0
50202012,636,1,1,177.5762,0
50202012,637,0,1,117.9428,1
50202012,637,1,1,144.3214,1
50202013,638,0,0,62.18873,0
50202013,638,1,0,241.5654,0
50202013,639,0,0,155.3077,1
50202013,639,1,0,53.66315,1
50202013,640,0,0,81.57918,0
50202013,640,1,0,385.3448,0
50202013,641,0,0,80.19619,1
50202013,641,1,0,34.62357,1
50202014,642,0,0,151.0127,1
50202014,642,1,0,147.3527,1
50202014,643,0,0,1128.519,0
50202014,643,1,0,1984.091,0
50202014,644,0,0,70.35212,0
50202014,644,1,0,44.26138,0
50202014,645,0,0,90.27731,0
50202014,645,1,0,1172.865,0
50202015,646,0,1,106.9302,1
50202015,646,1,1,144.1985,1
50202015,647,0,1,111.4543,0
50202015,647,1,1,132.7594,0
50202015,648,0,1,86.12769,0
50202015,648,1,1,386.563,0
50203010,649,0,0,116.1967,0
50203010,649,1,0,276.7718,0
50203010,650,0,0,47.23685,1
50203010,650,1,0,355.7217,1
50203010,651,0,0,1.952033,0
50203010,651,1,0,362.6328,0
50203010,652,0,0,201.9012,0
50203010,652,1,0,1153.816,0
50203011,653,0,1,55.32103,0
50203011,653,1,1,81.92113,0
50203011,654,0,1,203.159,0
50203011,654,1,1,303.7118,0
50203011,655,0,1,209.4991,1
50203011,655,1,1,423.6137,1
50203011,656,0,1,83.23576,0
50203011,656,1,1,235.8523,0
50203012,657,0,0,96.01144,0
50203012,657,1,0,259.1551,0
50203012,658,0,0,27.90999,1
50203012,658,1,0,254.3127,1
50203012,659,0,0,13.8161,0
50203012,659,1,0,22.38392,0
50203012,660,0,0,414.723,0
50203012,660,1,0,1947.322,0
50203013,661,0,1,25.94067,0
50203013,661,1,1,7.53642,0
50203013,662,0,1,38.58895,1
50203013,662,1,1,73.93252,1
50203013,663,0,1,63.54652,0
50203013,663,1,1,438.2047,0
50203013,664,0,1,45.61416,1
50203013,664,1,1,24.93341,1
50203014,665,0,0,187.6034,1
50203014,665,1,0,569.9026,1
50203014,666,0,0,466.152,1
50203014,666,1,0,629.4975,1
50203014,667,0,0,59.29079,0
50203014,667,1,0,1426.003,0
50203014,668,0,0,407.62,0
50203014,668,1,0,503.0006,0
50203015,669,0,0,483.9215,0
50203015,669,1,0,368.1888,0
50203015,670,0,0,317.8419,1
50203015,670,1,0,40.6539,1
50203015,671,0,0,624.9656,1
50203015,671,1,0,20.32695,1
50203016,672,0,0,106.2709,0
50203016,672,1,0,118.9014,0
50203016,673,0,0,118.0966,1
50203016,673,1,0,93.65755,1
50203016,674,0,0,172.3438,1
50203016,674,1,0,195.1387,1
50203016,675,0,0,148.5044,0
50203016,675,1,0,325.2312,0
50203017,676,0,0,109.3254,1
50203017,676,1,0,76.79071,1
50203017,677,0,0,23.30001,0
50203017,677,1,0,4.484352,0
50203017,678,0,0,86.24577,0
50203017,678,1,0,171.8305,0
50203017,679,0,0,81.48075,1
50203017,679,1,0,50.92047,1
50203018,680,0,1,90.52612,0
50203018,680,1,1,139.3441,0
50203018,681,0,1,60.59487,0
50203018,681,1,1,104.3915,0
50203018,682,0,1,372.8773,1
50203018,682,1,1,935.0398,1
50203019,683,0,1,196.4924,1
50203019,683,1,1,409.8803,1
50203019,684,0,1,144.4711,0
50203019,684,1,1,898.4559,0
50203019,685,0,1,132.7878,0
50203019,685,1,1,130.993,0
50203019,686,0,1,112.6765,0
50203019,686,1,1,372.6283,0
50203020,687,0,0,1720.666,1
50203020,687,1,0,151.7746,1
50203020,688,0,0,251.1382,0
50203020,688,1,0,354.3665,0
50203020,689,0,0,312.0438,0
50203020,689,1,0,213.0265,0
50301010,690,0,1,64.96689,0
50301010,690,1,1,115.6368,0
50301010,691,0,1,159.7425,1
50301010,691,1,1,516.3046,1
50301010,692,0,1,23.02684,1
50301010,692,1,1,331.7951,1
50301011,693,0,1,435.0815,1
50301011,693,1,1,468.875,1
50301011,694,0,1,23.27869,1
50301011,694,1,1,74.53216,1
50301011,695,0,1,36.57631,1
50301011,695,1,1,97.56937,1
50301011,696,0,1,22.31282,1
50301011,696,1,1,259.2816,1
50301012,697,0,0,127.8633,1
50301012,697,1,0,218.0405,1
50301012,698,0,0,42.02562,0
50301012,698,1,0,39.0955,0
50301012,699,0,0,33.74788,1
50301012,699,1,0,136.0551,1
50301012,700,0,0,150.6443,0
50301012,700,1,0,124.1299,0
50301013,701,0,1,451.7063,0
50301013,701,1,1,516.5792,0
50301013,702,0,1,62.0052,0
50301013,702,1,1,188.2872,0
50301013,703,0,1,164.0356,0
50301013,703,1,1,567.6097,0
50302010,704,0,0,57.71189,1
50302010,704,1,0,681.6305,1
50302010,705,0,0,100.7726,0
50302010,705,1,0,302.1912,0
50302011,706,0,0,453.7279,1
50302011,706,1,0,1140.208,1
50302011,707,0,0,168.6775,0
50302011,707,1,0,225.855,0
50302011,708,0,0,127.6504,1
50302011,708,1,0,75.6086,1
50302011,709,0,0,54.13895,1
50302011,709,1,0,13.82233,1
50302012,710,0,1,10.74869,0
50302012,710,1,1,410.3884,0
50302012,711,0,1,99.52068,0
50302012,711,1,1,89.59004,0
50302012,712,0,1,739.5653,0
50302012,712,1,1,4843.339,0
50302013,713,0,1,238.9247,0
50302013,713,1,1,730.0357,0
50302013,714,0,1,36.07145,0
50302013,714,1,1,27.53871,0
50302013,715,0,1,144.4216,0
50302013,715,1,1,403.5397,0
50302013,716,0,1,236.0547,1
50302013,716,1,1,249.0342,1
50302014,717,0,1,40.10509,0
50302014,717,1,1,534.761,0
50302014,718,0,1,219.294,0
50302014,718,1,1,1603.542,0
50302014,719,0,1,73.33575,0
50302014,719,1,1,92.42773,0
50302014,720,0,1,71.0628,0
50302014,720,1,1,325.0867,0
50302015,721,0,1,101.4513,0
50302015,721,1,1,37.43195,0
50302015,722,0,1,123.8544,0
50302015,722,1,1,568.1501,0
50302015,723,0,1,100.1905,0
50302015,723,1,1,69.11826,0
50302015,724,0,1,68.78002,1
50302015,724,1,1,59.36448,1
50302016,725,0,1,27.48985,1
50302016,725,1,1,66.68558,1
50302016,726,0,1,284.2448,0
50302016,726,1,1,368.964,0
50302016,727,0,1,57.12757,0
50302016,727,1,1,115.4715,0
50302016,728,0,1,122.603,1
50302016,728,1,1,255.4465,1
50302017,729,0,1,58.56841,0
50302017,729,1,1,26.30759,0
50302017,730,0,1,158.7304,0
50302017,730,1,1,96.68921,0
50302017,731,0,1,66.58845,0
50302017,731,1,1,29.84757,0
50302018,732,0,0,90.78333,1
50302018,732,1,0,65.72381,1
50302018,733,0,0,565.1442,1
50302018,733,1,0,165.886,1
50302018,734,0,0,61.55671,0
50302018,734,1,0,507.835,0
50302019,735,0,1,356.8253,0
50302019,735,1,1,2906.003,0
50302019,736,0,1,130.9507,1
50302019,736,1,1,361.0688,1
50302019,737,0,1,28.62889,0
50302019,737,1,1,665.9109,0
50302020,738,0,1,48.03001,1
50302020,738,1,1,73.14315,1
50302020,739,0,1,43.22068,0
50302020,739,1,1,133.3795,0
50303010,740,0,1,44.66935,1
50303010,740,1,1,215.7299,1
50303010,741,0,1,50.79641,0
50303010,741,1,1,27.90484,0
50303011,742,0,1,356.8838,0
50303011,742,1,1,248.3954,0
50303011,743,0,1,127.0964,1
50303011,743,1,1,321.2223,1
50303011,744,0,1,67.94386,0
50303011,744,1,1,406.4523,0
50303011,745,0,1,289.8789,1
50303011,745,1,1,423.3698,1
50303012,746,0,0,9.955817,0
50303012,746,1,0,295.128,0
50303012,747,0,0,30.3776,0
50303012,747,1,0,63.5285,0
50303012,748,0,0,69.31443,0
50303012,748,1,0,16.26156,0
50303012,749,0,0,379.5374,1
50303012,749,1,0,11.85739,1
50303013,750,0,1,73.04918,1
50303013,750,1,1,350.9787,1
50303013,751,0,1,176.4563,0
50303013,751,1,1,519.9441,0
50303013,752,0,1,223.8251,0
50303013,752,1,1,856.0303,0
50303014,753,0,0,210.5233,0
50303014,753,1,0,122.2508,0
50303014,754,0,0,357.7376,0
50303014,754,1,0,289.3203,0
50303014,755,0,0,31.81682,1
50303014,755,1,0,228.7965,1
50303015,756,0,1,121.6037,1
50303015,756,1,1,212.8909,1
50303015,757,0,1,261.0014,0
50303015,757,1,1,794.6428,0
50303015,758,0,1,175.8112,0
50303015,758,1,1,567.5393,0
50303016,759,0,0,361.9845,1
50303016,759,1,0,142.5887,1
50303016,760,0,0,31.66514,1
50303016,760,1,0,13.13549,1
50303016,761,0,0,71.58726,0
50303016,761,1,0,98.24693,0
50303016,762,0,0,298.0582,0
50303016,762,1,0,100.2796,0
50303017,763,0,1,43.50117,0
50303017,763,1,1,533.8563,0
50303017,764,0,1,90.77793,1
50303017,764,1,1,13.76812,1
50303017,765,0,1,132.0415,1
50303017,765,1,1,77.24242,1
50303017,766,0,1,42.87187,1
50303017,766,1,1,66.62158,1
50303018,767,0,0,102.2135,0
50303018,767,1,0,36.38186,0
50303018,768,0,0,81.60625,0
50303018,768,1,0,95.20806,0
50303018,769,0,0,188.9756,1
50303018,769,1,0,468.875,1
50303018,770,0,0,28.27467,0
50303018,770,1,0,156.653,0
50303019,771,0,1,66.41696,0
50303019,771,1,1,29.71055,0
50303019,772,0,1,77.74942,0
50303019,772,1,1,278.2774,0
50303019,773,0,1,86.19511,1
50303019,773,1,1,127.8339,1
50303020,774,0,1,50.47469,0
50303020,774,1,1,406.1,0
50303020,775,0,1,191.1993,1
50303020,775,1,1,898.9595,1
50303020,776,0,1,45.5664,0
50303020,776,1,1,403.8583,0
50303020,777,0,1,71.343,0
50303020,777,1,1,17.55944,0
50304010,778,0,0,227.4715,1
50304010,778,1,0,601.5928,1
50304010,779,0,0,29.23637,0
50304010,779,1,0,138.6382,0
50304010,780,0,0,82.97556,0
50304010,780,1,0,434.9968,0
50304011,781,0,0,107.3808,0
50304011,781,1,0,206.6122,0
50304011,782,0,0,31.7537,1
50304011,782,1,0,187.5655,1
50304011,783,0,0,69.39982,1
50304011,783,1,0,250.2715,1
50304011,784,0,0,26.11574,0
50304011,784,1,0,219.804,0
50304012,785,0,0,60.14852,0
50304012,785,1,0,730.7497,0
50304012,786,0,0,54.51181,0
50304012,786,1,0,2077.866,0
50304012,787,0,0,86.83066,1
50304012,787,1,0,125.4952,1
50304012,788,0,0,150.3027,0
50304012,788,1,0,82.39191,0
50304013,789,0,1,53.67173,0
50304013,789,1,1,62.01076,0
50304013,790,0,1,56.09433,0
50304013,790,1,1,107.8141,0
50304013,791,0,1,156.2498,0
50304013,791,1,1,2.45261,0
50304014,792,0,0,73.11168,1
50304014,792,1,0,52.39837,1
50304014,793,0,0,57.98123,0
50304014,793,1,0,1008.894,0
50304014,794,0,0,205.2527,0
50304014,794,1,0,672.3394,0
50304014,795,0,0,60.46108,0
50304014,795,1,0,205.7991,0
50304015,796,0,1,39.90639,0
50304015,796,1,1,519.8318,0
50304015,797,0,1,23.27869,0
50304015,797,1,1,95.05086,0
50304015,798,0,1,223.3422,1
50304015,798,1,1,31.44918,1
50304015,799,0,1,77.31989,0
50304015,799,1,1,304.4171,0
50305010,800,0,0,26.95088,0
50305010,800,1,0,174.1179,0
50305010,801,0,0,92.7599,1
50305010,801,1,0,13.5513,1
50305010,802,0,0,35.06374,1
50305010,802,1,0,42.60868,1
50305010,803,0,0,182.3234,0
50305010,803,1,0,283.9427,0
50305011,804,0,0,303.9539,0
50305011,804,1,0,958.077,0
50305011,805,0,0,128.0101,0
50305011,805,1,0,3860.224,0
50305011,806,0,0,53.58193,1
50305011,806,1,0,24.59561,1
50305011,807,0,0,20.49087,0
50305011,807,1,0,47.88126,0
50305012,808,0,0,48.08734,0
50305012,808,1,0,11.64565,0
50305012,809,0,0,35.67527,0
50305012,809,1,0,75.88729,0
50305012,810,0,0,164.4413,0
50305012,810,1,0,112.9275,0
50305012,811,0,0,645.2947,0
50305012,811,1,0,1995.881,0
50305013,812,0,1,267.6148,1
50305013,812,1,1,273.3975,1
50305013,813,0,1,89.10564,0
50305013,813,1,1,386.6864,0
50305013,814,0,1,78.4631,1
50305013,814,1,1,137.199,1
50305013,815,0,1,46.4819,1
50305013,815,1,1,98.65347,1
50305014,816,0,0,104.3158,0
50305014,816,1,0,168.5067,0
50305014,817,0,0,67.58027,0
50305014,817,1,0,306.4401,0
50305014,818,0,0,114.9729,0
50305014,818,1,0,493.2674,0
50305014,819,0,0,19.46101,1
50305014,819,1,0,42.18463,1
50305015,820,0,0,41.22441,1
50305015,820,1,0,76.79071,1
50305015,821,0,0,112.9244,1
50305015,821,1,0,50.13981,1
50305015,822,0,0,93.92705,1
50305015,822,1,0,5.122362,1
50305016,823,0,0,26.86787,1
50305016,823,1,0,14.80197,1
50305016,824,0,0,26.65105,1
50305016,824,1,0,440.3837,1
50305016,825,0,0,192.7073,1
50305016,825,1,0,125.3495,1
50305016,826,0,0,135.2807,0
50305016,826,1,0,180.937,0
50305017,827,0,0,146.8981,1
50305017,827,1,0,117.4119,1
50305017,828,0,0,18.7384,0
50305017,828,1,0,78.32652,0
50305018,829,0,0,94.02386,0
50305018,829,1,0,195.126,0
50305018,830,0,0,15.42684,0
50305018,830,1,0,182.0782,0
50305018,831,0,0,22.21548,0
50305018,831,1,0,113.0179,0
50305019,832,0,1,46.03489,0
50305019,832,1,1,25.36803,0
50305019,833,0,1,64.46132,0
50305019,833,1,1,109.3997,0
50305019,834,0,1,205.3695,1
50305019,834,1,1,252.5059,1
50305019,835,0,1,104.2491,0
50305019,835,1,1,176.7271,0
50305020,836,0,1,89.24896,1
50305020,836,1,1,136.0528,1
50305020,837,0,1,87.14996,0
50305020,837,1,1,32.42411,0
50305020,838,0,1,120.7868,1
50305020,838,1,1,268.1351,1
50305020,839,0,1,36.5487,0
50305020,839,1,1,36.58709,0
50305021,840,0,1,23.49725,0
50305021,840,1,1,69.41479,0
50305021,841,0,1,37.50891,0
50305021,841,1,1,684.2989,0
50305021,842,0,1,129.2774,0
50305021,842,1,1,146.0996,0
50305021,843,0,1,61.24643,0
50305021,843,1,1,183.91,0
50306010,844,0,0,174.2076,0
50306010,844,1,0,746.8912,0
50306010,845,0,0,245.6774,0
50306010,845,1,0,2.71026,0
50306010,846,0,0,53.37207,1
50306010,846,1,0,40.99269,1
50306010,847,0,0,23.27869,1
50306010,847,1,0,79.41063,1
50306011,848,0,0,182.1897,1
50306011,848,1,0,13.5513,1
50306011,849,0,0,74.55926,1
50306011,849,1,0,255.5486,1
50306011,850,0,0,81.32376,1
50306011,850,1,0,114.5642,1
50306011,851,0,0,109.2172,1
50306011,851,1,0,80.32259,1
50306012,852,0,1,26.62374,0
50306012,852,1,1,556.1989,0
50306012,853,0,1,158.9512,1
50306012,853,1,1,81.30781,1
50306012,854,0,1,274.8325,0
50306012,854,1,1,126.6992,0
50306013,855,0,1,86.17072,0
50306013,855,1,1,990.8708,0
50306013,856,0,1,144.0513,1
50306013,856,1,1,633.1168,1
50306013,857,0,1,49.16142,0
50306013,857,1,1,153.2417,0
50306013,858,0,1,100.952,1
50306013,858,1,1,178.8772,1
50306014,859,0,1,98.39685,0
50306014,859,1,1,325.8383,0
50306014,860,0,1,89.68725,0
50306014,860,1,1,1271.033,0
50306014,861,0,1,47.86923,1
50306014,861,1,1,39.78662,1
50306014,862,0,1,33.79113,0
50306014,862,1,1,1135.219,0
50306014,863,0,1,56.51931,1
50306014,863,1,1,1.919765,1
50306014,864,0,1,752.8438,0
50306014,864,1,1,4843.339,0
50306014,865,0,1,291.997,0
50306014,865,1,1,1317.56,0
50306015,866,0,1,88.74364,0
50306015,866,1,1,114.4283,0
50306015,867,0,1,37.72889,1
50306015,867,1,1,435.1737,1
50306015,868,0,1,69.29626,0
50306015,868,1,1,895.8163,0
50306016,869,0,1,71.74731,0
50306016,869,1,1,101.5426,0
50306016,870,0,1,54.776,0
50306016,870,1,1,124.3122,0
50306016,871,0,1,55.60052,0
50306016,871,1,1,232.1175,0
50306016,872,0,1,69.51394,0
50306016,872,1,1,2719.101,0
50306017,873,0,1,371.3477,1
50306017,873,1,1,132.4325,1
50306017,874,0,1,42.61052,0
50306017,874,1,1,70.98646,0
50306017,875,0,1,107.0247,0
50306017,875,1,1,362.1992,0
50306017,876,0,1,43.54543,1
50306017,876,1,1,102.7951,1
50306018,877,0,0,339.2285,1
50306018,877,1,0,163.8257,1
50306018,878,0,0,49.86724,1
50306018,878,1,0,55.56034,1
50401010,879,0,0,459.8372,1
50401010,879,1,0,33.60723,1
50401010,880,0,0,58.45291,1
50401010,880,1,0,317.7306,1
50401011,881,0,0,72.79008,0
50401011,881,1,0,2178.85,0
50401011,882,0,0,165.0269,0
50401011,882,1,0,123.1813,0
50401011,883,0,0,39.29475,0
50401011,883,1,0,521.1288,0
50401011,884,0,0,478.6705,0
50401011,884,1,0,428.0314,0
50401012,885,0,0,56.45024,0
50401012,885,1,0,249.4795,0
50401012,886,0,0,269.8828,0
50401012,886,1,0,450.674,0
50401012,887,0,0,178.184,1
50401012,887,1,0,97.56937,1
50401013,888,0,1,100.4794,1
50401013,888,1,1,103.2609,1
50401013,889,0,1,73.18829,0
50401013,889,1,1,345.8847,0
50401014,890,0,1,486.4996,0
50401014,890,1,1,288.7932,0
50401014,891,0,1,116.8175,1
50401014,891,1,1,318.5911,1
50401014,892,0,1,228.4957,0
50401014,892,1,1,1353.343,0
50401015,893,0,0,404.567,1
50401015,893,1,0,178.6062,1
50401015,894,0,0,36.00088,0
50401015,894,1,0,362.023,0
50401015,895,0,0,102.6091,1
50401015,895,1,0,496.5366,1
50401015,896,0,0,1505.688,0
50401015,896,1,0,863.9124,0
50401016,897,0,1,161.3493,0
50401016,897,1,1,117.3694,0
50401016,898,0,1,71.41781,0
50401016,898,1,1,119.6056,0
50401016,899,0,1,84.33415,1
50401016,899,1,1,57.32201,1
50401016,900,0,1,264.0239,1
50401016,900,1,1,169.3913,1
50401017,901,0,1,140.4835,0
50401017,901,1,1,533.7858,0
50401017,902,0,1,306.0368,0
50401017,902,1,1,32.41471,0
50401017,903,0,1,315.3216,0
50401017,903,1,1,587.6846,0
50402010,904,0,0,38.01797,0
50402010,904,1,0,116.5017,0
50402010,905,0,0,258.2502,0
50402010,905,1,0,550.0925,0
50402010,906,0,0,228.9278,0
50402010,906,1,0,396.4563,0
50402010,907,0,0,342.1267,1
50402010,907,1,0,81.03502,1
50402011,908,0,1,31.31323,1
50402011,908,1,1,238.5029,1
50402011,909,0,1,34.87803,0
50402011,909,1,1,49.32674,0
50402011,910,0,1,89.28416,0
50402011,910,1,1,115.0018,0
50402011,911,0,1,49.89347,1
50402011,911,1,1,195.768,1
50402012,912,0,1,20.46773,0
50402012,912,1,1,178.416,0
50402012,913,0,1,49.03456,0
50402012,913,1,1,173.1791,0
50402012,914,0,1,266.2493,0
50402012,914,1,1,141.7791,0
50402012,915,0,1,164.3387,0
50402012,915,1,1,218.3565,0
50402013,916,0,0,163.6598,0
50402013,916,1,0,419.4128,0
50402013,917,0,0,13.19901,0
50402013,917,1,0,285.4291,0
50402013,918,0,0,101.7567,0
50402013,918,1,0,1327.164,0
50402014,919,0,0,181.0697,0
50402014,919,1,0,244.8758,0
50402014,920,0,0,51.74378,1
50402014,920,1,0,4.813535,1
50402014,921,0,0,61.03134,1
50402014,921,1,0,87.16988,1
50403010,922,0,1,70.65829,0
50403010,922,1,1,694.0972,0
50403010,923,0,1,40.84307,0
50403010,923,1,1,38.37419,0
50403010,924,0,1,164.4459,0
50403010,924,1,1,131.4778,0
50403011,925,0,1,60.30032,0
50403011,925,1,1,349.7031,0
50403011,926,0,1,209.4863,0
50403011,926,1,1,471.6473,0
50403011,927,0,1,73.26069,0
50403011,927,1,1,189.034,0
50403011,928,0,1,102.8071,0
50403011,928,1,1,157.0276,0
50403013,929,0,1,564.6329,0
50403013,929,1,1,142.2422,0
50403013,930,0,1,201.83,0
50403013,930,1,1,1076.226,0
50403013,931,0,1,127.368,1
50403013,931,1,1,89.43859,1
50403013,932,0,1,25.51897,1
50403013,932,1,1,58.54162,1
50403014,933,0,0,67.74649,0
50403014,933,1,0,2328.528,0
50403014,934,0,0,50.74002,1
50403014,934,1,0,25.28334,1
50403014,935,0,0,194.1726,0
50403014,935,1,0,401.8929,0
50403014,936,0,0,286.5964,1
50403014,936,1,0,517.9307,1
50403015,937,0,0,78.52,0
50403015,937,1,0,193.3573,0
50403016,938,0,1,122.9163,0
50403016,938,1,1,111.2952,0
50403016,939,0,1,258.6042,0
50403016,939,1,1,102.4117,0
50403016,940,0,1,505.0123,0
50403016,940,1,1,197.5301,0
50403017,941,0,1,39.80537,0
50403017,941,1,1,74.92966,0
50403017,942,0,1,49.97203,0
50403017,942,1,1,28.83735,0
50403018,943,0,0,52.7268,0
50403018,943,1,0,254.2224,0
50403018,944,0,0,150.876,0
50403018,944,1,0,87.50001,0
50403018,945,0,0,131.0623,1
50403018,945,1,0,411.732,1
50403019,946,0,1,83.58087,0
50403019,946,1,1,845.6012,0
50403019,947,0,1,59.94643,1
50403019,947,1,1,47.42956,1
50403019,948,0,1,91.5862,0
50403019,948,1,1,115.6518,0
50403019,949,0,1,77.6461,1
50403019,949,1,1,527.9785,1
50403020,950,0,0,240.0956,1
50403020,950,1,0,251.6524,1
50403020,951,0,0,254.4995,1
50403020,951,1,0,15.40331,1
50403020,952,0,0,277.8953,1
50403020,952,1,0,813.0781,1
50403021,953,0,0,204.6745,1
50403021,953,1,0,100.2796,1
50403021,954,0,0,129.7632,1
50403021,954,1,0,113.2657,1
50403021,955,0,0,402.869,0
50403021,955,1,0,166.2745,0
50403021,956,0,0,51.79256,0
50403021,956,1,0,103.5478,0
50403022,957,0,1,200.5892,0
50403022,957,1,1,111.4744,0
50403022,958,0,1,158.7461,0
50403022,958,1,1,78.52011,0
50403022,959,0,1,89.04266,0
50403022,959,1,1,706.5487,0
50403023,960,0,1,22.20921,1
50403023,960,1,1,136.2177,1
50403023,961,0,1,94.05746,0
50403023,961,1,1,120.0754,0
50403023,962,0,1,520.4086,1
50403023,962,1,1,190.6951,1
50403023,963,0,1,265.9011,1
50403023,963,1,1,340.0265,1
50403024,964,0,1,122.4003,1
50403024,964,1,1,70.27318,1
50403024,965,0,1,63.05185,1
50403024,965,1,1,128.2829,1
50403024,966,0,1,145.9352,0
50403024,966,1,1,321.9861,0
50404010,967,0,1,81.35978,0
50404010,967,1,1,38.05206,0
50404010,968,0,1,152.907,1
50404010,968,1,1,32.52312,1
50404011,969,0,1,130.0229,0
50404011,969,1,1,28.42159,0
50404011,970,0,1,136.7484,1
50404011,970,1,1,84.83115,1
50404011,971,0,1,79.43522,0
50404011,971,1,1,1018.819,0
50404012,972,0,0,114.5224,0
50404012,972,1,0,156.4614,0
50404012,973,0,0,133.4188,0
50404012,973,1,0,544.4672,0
50404012,974,0,0,34.1659,0
50404012,974,1,0,58.06733,0
50404012,975,0,0,83.59411,0
50404012,975,1,0,333.3281,0
50404013,976,0,0,176.9332,1
50404013,976,1,0,9.475324,1
50404013,977,0,0,29.11254,0
50404013,977,1,0,371.5597,0
50404014,978,0,0,178.8408,1
50404014,978,1,0,66.71112,1
50404014,979,0,0,24.4925,0
50404014,979,1,0,124.5974,0
50404015,980,0,0,61.93083,0
50404015,980,1,0,261.9918,0
50404015,981,0,0,158.6514,0
50404015,981,1,0,426.8903,0
50404015,982,0,0,78.46983,1
50404015,982,1,0,20.23661,1
50404016,983,0,1,21.92269,0
50404016,983,1,1,291.9673,0
50404016,984,0,1,54.86205,0
50404016,984,1,1,54.04965,0
50404016,985,0,1,61.27368,0
50404016,985,1,1,398.4896,0
50404016,986,0,1,42.80886,0
50404016,986,1,1,158.057,0
50404017,987,0,1,250.4934,1
50404017,987,1,1,21.68208,1
50404017,988,0,1,268.7448,1
50404017,988,1,1,166.0034,1
50404017,989,0,1,117.0224,1
50404017,989,1,1,74.90256,1
50404018,990,0,1,27.71896,0
50404018,990,1,1,5580.968,0
50404018,991,0,1,725.7939,1
50404018,991,1,1,276.9899,1
50404018,992,0,1,63.97439,0
50404018,992,1,1,320.2715,0
50404019,993,0,0,115.0723,0
50404019,993,1,0,52.17251,0
50404019,994,0,0,50.45952,0
50404019,994,1,0,62.99472,0
50404019,995,0,0,339.1227,0
50404019,995,1,0,735.2964,0
50404019,996,0,0,100.7781,0
50404019,996,1,0,349.5558,0
50404020,997,0,1,242.6098,0
50404020,997,1,1,462.7318,0
50404020,998,0,1,110.7019,0
50404020,998,1,1,60.77759,0
50501010,999,0,1,290.1173,0
50501010,999,1,1,84.70574,0
50501010,1000,0,1,324.1143,1
50501010,1000,1,1,137.6812,1
